day,Open,High,Low,Close,Volume,open_ret,close_ret,article_count,bullish_count,bearish_count,neutral_count,avg_bias,weighted_bias,sum_bias,max_abs_bias,weighted_bias_lag1,weighted_bias_lag2,article_count_lag1,bullish_ratio,bearish_ratio,sentiment_imbalance,sentiment_strength
2024-01-02 00:00:00+00:00,49.1566219566508,49.20753015338818,47.51054964423797,48.0825309753418,411254000,-0.03637360718275184,-0.012513560734434232,21.0,5.0,6.0,10.0,0.0014160271528221,0.0014160271527546,0.0297365702092645,0.011840655952692,0.0022230644633077,0.0,8.0,0.238095238095238,0.2857142857142857,-1.0,0.0014160271527546
2024-01-03 00:00:00+00:00,47.40074566328975,48.09850289557728,47.23603751691528,47.484596252441406,320896000,0.005921227052338574,0.008978195428606124,25.0,7.0,9.0,9.0,0.0011470465373992,0.0011470465373534,0.0286761634349823,0.0116152641177177,0.0014160271527546,0.0022230644633077,21.0,0.28,0.36,-2.0,0.0011470465373534
2024-01-04 00:00:00+00:00,47.68224884044641,48.41395003873669,47.42370949212884,47.912841796875,306535000,0.014444812078902036,0.022638347329819786,30.0,10.0,4.0,16.0,0.0025574632624784,0.0025574632623932,0.0767238978743547,0.0113875882327556,0.0011470465373534,0.0014160271527546,25.0,0.3333333333333333,0.1333333333333333,6.0,0.0025574632623932
2024-01-05 00:00:00+00:00,48.37600851565981,49.459082326064205,48.22028328844258,49.00988006591797,415039000,0.021435139099119305,0.06229941485031386,18.0,7.0,5.0,6.0,0.0021794066098001,0.002179406609679,0.0392293189764021,0.0114662021398544,0.0025574632623932,0.0011470465373534,30.0,0.3888888888888889,0.2777777777777778,2.0,0.002179406609679
2024-01-08 00:00:00+00:00,49.42414836733732,52.18224626703925,49.391205977221674,52.160282135009766,642510000,0.05671072200530515,0.01683276856737063,28.0,13.0,2.0,13.0,0.0047992576839668,0.0047992576837954,0.1343792151510708,0.0118322455883026,0.0036922305965229,0.0042605887687931,6.0,0.4642857142857143,0.0714285714285714,11.0,0.0047992576837954
2024-01-09 00:00:00+00:00,52.30802809263291,54.22861420741035,51.598287244233845,53.04571533203125,773100000,0.02292184311138253,0.022514641453404198,34.0,16.0,4.0,14.0,0.0046580464059815,0.0046580464058445,0.1583735778033726,0.0117658507823944,0.0047992576837954,0.0036922305965229,28.0,0.4705882352941176,0.1176470588235294,12.0,0.0046580464058445
2024-01-10 00:00:00+00:00,53.52087170860792,54.50312317370562,53.39409433002728,54.25356674194336,533796000,0.02546735901511601,0.008646859978975924,34.0,18.0,3.0,13.0,0.0051370695706675,0.0051370695705164,0.1746603654026972,0.0118508671224117,0.0046580464058445,0.0047992576837954,34.0,0.5294117647058824,0.088235294117647,15.0,0.0051370695705164
2024-01-11 00:00:00+00:00,54.90141170121365,55.24779611496442,53.46496584925973,54.72472381591797,596759000,-0.0069148535778578565,-0.00204499312760446,10.0,6.0,0.0,4.0,0.0062121834993361,0.0062121834987149,0.0621218349933619,0.0119328764081001,0.0051370695705164,0.0046580464058445,34.0,0.6,0.0,6.0,0.0062121834987149
2024-01-12 00:00:00+00:00,54.523086018906326,54.87246729450568,54.23360346337735,54.6129264831543,352994000,0.007260382967746763,0.030103513497523583,16.0,8.0,0.0,8.0,0.0052774159256368,0.005277415925307,0.0844386548101898,0.011864942908287,0.0062121834987149,0.0051370695705164,10.0,0.5,0.0,8.0,0.005277415925307
2024-01-16 00:00:00+00:00,54.920385030235444,56.734158722808395,54.80259436306696,56.28196334838867,449580000,0.02386856837561232,-0.005852262783975482,20.0,8.0,5.0,7.0,0.0024046591512858,0.0024046591511656,0.0480931830257172,0.0117858144640922,0.0041667947553314,0.0019552118809169,14.0,0.4,0.25,3.0,0.0024046591511656
2024-01-17 00:00:00+00:00,56.24702551752996,56.370806056804064,54.64287831771136,55.953548431396484,474394000,0.01607321615535482,0.01862892541500188,17.0,7.0,4.0,6.0,0.0027794627354425,0.002779462735279,0.047250866502523,0.0119624137878417,0.0024046591511656,0.0041667947553314,20.0,0.4117647058823529,0.2352941176470588,3.0,0.002779462735279
2024-01-18 00:00:00+00:00,57.15840086229008,57.497797746406825,56.00744677307047,57.005672454833984,491650000,0.01265103091108252,0.0408983769950059,25.0,14.0,4.0,7.0,0.0053430119442939,0.0053430119440802,0.1335752986073489,0.0116704685986042,0.002779462735279,0.0024046591511656,17.0,0.56,0.16,10.0,0.0053430119440802
2024-01-19 00:00:00+00:00,57.88610696898355,59.394427545023596,57.12346261571884,59.38544464111328,543501000,0.03490763424250155,0.0027361855152065275,23.0,19.0,1.0,3.0,0.0085544213587822,0.0085544213584103,0.1967516912519925,0.0116250309348106,0.0053430119440802,0.002779462735279,25.0,0.8260869565217391,0.0434782608695652,18.0,0.0085544213584103
2024-01-22 00:00:00+00:00,59.94245635666948,60.223957503871716,58.96519328035112,59.54815673828125,452955000,-0.008008814387181385,0.003664468857179355,29.0,8.0,5.0,16.0,0.0023025079133181,0.0023025079132387,0.0667727294862264,0.0116075846552848,0.0038593912231568,0.0047444233056719,8.0,0.2758620689655172,0.1724137931034483,3.0,0.0023025079132387
2024-01-23 00:00:00+00:00,59.46430561582059,59.803702511682395,58.48105267598879,59.76676940917969,294654000,0.012246274478616396,0.024564982796435004,28.0,8.0,6.0,14.0,0.0026390231336865,0.0026390231335923,0.0738926477432246,0.011782511472702,0.0023025079132387,0.0038593912231568,29.0,0.2857142857142857,0.2142857142857142,2.0,0.0026390231335923
2024-01-24 00:00:00+00:00,60.19699904963291,62.73748144195341,59.83164734308872,61.25312042236328,560271000,0.033365172865706935,0.0041470487143527544,24.0,14.0,2.0,8.0,0.0050810226872563,0.0050810226870445,0.1219445444941512,0.0118533310294151,0.0026390231335923,0.0023025079132387,28.0,0.5833333333333334,0.0833333333333333,12.0,0.0050810226870445
2024-01-25 00:00:00+00:00,62.23936480631996,62.60771334377325,60.74202640224238,61.507667541503906,482777000,-0.02254566222846163,-0.009555824032598435,27.0,9.0,4.0,14.0,0.0028122095035181,0.002812209503414,0.0759296565949911,0.0118783572316169,0.0050810226870445,0.0026390231335923,24.0,0.3333333333333333,0.1481481481481481,5.0,0.002812209503414
2024-01-26 00:00:00+00:00,60.85183724757184,61.67337885004867,60.465526677085045,60.92271041870117,390309000,0.004452006240585101,0.023224498857301285,18.0,10.0,2.0,6.0,0.0038433540976709,0.0038433540974574,0.0691803737580771,0.0115002144873142,0.002812209503414,0.0050810226870445,27.0,0.5555555555555556,0.1111111111111111,8.0,0.0038433540974574
2024-01-29 00:00:00+00:00,61.12335395532468,62.37812361839996,60.79893365210522,62.35416793823242,348733000,0.026876085181186542,0.0049343454525554034,30.0,8.0,6.0,16.0,0.0023112009326616,0.0023112009325846,0.0693360279798502,0.0116034339368343,0.0096872173338298,0.0011830063908552,9.0,0.2666666666666666,0.2,2.0,0.0023112009325846
2024-01-30 00:00:00+00:00,62.78838495719736,63.38033118112513,62.149517443787765,62.66260528564453,410735000,-0.02348487765062195,-0.020064593667162973,25.0,12.0,6.0,7.0,0.0033437034487724,0.0033437034486386,0.0835925862193102,0.0118453522026538,0.0023112009325846,0.0096872173338298,30.0,0.48,0.24,6.0,0.0033437034486386
2024-01-31 00:00:00+00:00,61.33098779929159,62.15851930991276,60.592302887690344,61.4178352355957,453795000,0.010684877829979013,0.024087082934170938,25.0,6.0,6.0,13.0,0.0016956226074695,0.0016956226074017,0.0423905651867385,0.0118595217168331,0.0033437034486386,0.0023112009325846,25.0,0.24,0.24,0.0,0.0016956226074017
2024-02-01 00:00:00+00:00,61.98981538927627,63.07888305643791,61.54061686379006,62.9151725769043,369146000,0.02973078369442423,0.048512905789117454,23.0,8.0,4.0,11.0,0.0028461480348006,0.0028461480346768,0.0654614048004146,0.0118361923098564,0.0016956226074017,0.0033437034486386,25.0,0.3478260869565217,0.1739130434782608,4.0,0.0028461480346768
2024-02-02 00:00:00+00:00,63.8604917267368,66.48183193924027,63.57699522405565,66.04261779785156,476578000,0.0643342724596488,0.04683042835872502,30.0,12.0,5.0,13.0,0.003826976246635,0.0038269762465075,0.1148092873990527,0.0119809953868389,0.0028461480346768,0.0016956226074017,23.0,0.4,0.1666666666666666,7.0,0.0038269762465075
2024-02-05 00:00:00+00:00,68.10394628020288,69.37369252800232,67.08575942583846,69.208984375,680078000,0.020384435171375382,-0.01612481561682214,27.0,11.0,7.0,9.0,0.0026980970987567,0.0026980970986567,0.0728486216664312,0.0119116050004959,0.0038802969328748,0.0048756130252221,5.0,0.4074074074074074,0.2592592592592592,4.0,0.0026980970986567
2024-02-06 00:00:00+00:00,69.50645284574946,69.630233381063,66.18236704818828,68.1019515991211,683111000,-0.01900774065507135,0.027126582447069773,23.0,15.0,3.0,5.0,0.0050727038370525,0.005072703836832,0.1166721882522097,0.0118383985757827,0.0026980970986567,0.0038802969328748,27.0,0.6521739130434783,0.1304347826086956,12.0,0.005072703836832
2024-02-07 00:00:00+00:00,68.19776917750116,70.09539685563645,67.48004326560577,69.974609375,495575000,0.025363927094280408,-0.006555004738496518,30.0,16.0,6.0,8.0,0.0048012532343466,0.0048012532341866,0.1440375970304003,0.0118549600243568,0.005072703836832,0.0026980970986567,23.0,0.5333333333333333,0.2,10.0,0.0048012532341866
2024-02-08 00:00:00+00:00,69.9496558671256,70.66837949372972,69.33175856710787,69.51742553710938,414422000,0.006529022041562285,0.035158392477747866,29.0,12.0,5.0,12.0,0.0031939673022977,0.0031939673021875,0.0926250517666334,0.0118866464495658,0.0048012532341866,0.005072703836832,30.0,0.4137931034482758,0.1724137931034483,7.0,0.0031939673021875
2024-02-09 00:00:00+00:00,70.40785287358678,72.05692221360141,70.08742326576261,72.00502014160156,436637000,0.028884123155191597,0.0015928451655793376,22.0,7.0,4.0,11.0,0.0024573472047393,0.0024573472046276,0.0540616385042665,0.0118086217343807,0.0031939673021875,0.0048012532341866,29.0,0.3181818181818182,0.1818181818181818,3.0,0.0024573472046276
2024-02-12 00:00:00+00:00,72.47117717433613,74.4786104438433,71.12357413495056,72.11980438232422,613710000,-0.03077139445826751,-0.0016621430687096853,35.0,10.0,9.0,16.0,0.0017747320975576,0.0017747320975068,0.0621156234145161,0.0115796323120594,0.0045027412990067,0.0057070345713736,8.0,0.2857142857142857,0.2571428571428571,1.0,0.0017747320975068
2024-02-13 00:00:00+00:00,70.27509946360114,73.31968365428922,69.4964845401849,72.00003051757812,602580000,0.0390294095385045,0.02427045688475206,34.0,14.0,7.0,13.0,0.0028659976265009,0.0028659976264166,0.0974439193010324,0.0113311429321765,0.0017747320975068,0.0045027412990067,35.0,0.4117647058823529,0.2058823529411764,7.0,0.0028659976264166
2024-02-14 00:00:00+00:00,73.0721231436502,74.10428513350574,71.81036588559786,73.76888275146484,504917000,0.009070525346898284,-0.01694937003100777,29.0,11.0,5.0,13.0,0.0037747342000747,0.0037747341999445,0.1094672918021673,0.0120313686132431,0.0028659976264166,0.0017747320975068,34.0,0.3793103448275862,0.1724137931034483,6.0,0.0037747341999445
2024-02-15 00:00:00+00:00,73.73794078168315,73.84374789733648,72.27154539670707,72.52908325195312,420122000,0.003121953528026882,-0.0006197660092482736,40.0,15.0,7.0,18.0,0.0025991820231079,0.002599182023043,0.1039672809243194,0.0119220788776874,0.0037747341999445,0.0028659976264166,29.0,0.375,0.175,8.0,0.002599182023043
2024-02-16 00:00:00+00:00,73.96850692718213,74.2699729733596,72.37234535124092,72.48414611816406,495327000,-0.02948559777456104,-0.044507841693289585,34.0,10.0,11.0,13.0,6.319730071460587e-05,6.31973007127471e-05,0.0021487082242965,0.0116179658472538,0.002599182023043,0.0037747341999445,40.0,0.2941176470588235,0.3235294117647059,-1.0,6.31973007127471e-05
2024-02-20 00:00:00+00:00,71.81934169951924,71.82832841143384,67.61381946264177,69.32877349853516,704833000,-0.056333769915509424,-0.02892315845867648,52.0,19.0,12.0,21.0,0.0020063165990778,0.0020063165990393,0.1043284631520501,0.0117363214492797,0.0046752640391924,0.0040595976179924,24.0,0.3653846153846153,0.2307692307692307,7.0,0.0020063165990393
2024-02-21 00:00:00+00:00,67.88533642606332,68.76577530674938,66.13045996080022,67.35228729248047,673755000,0.09822556852204946,0.15186995589680394,54.0,16.0,21.0,17.0,0.000984756535126,0.0009847565351078,0.053176852896809,0.0118718166649341,0.0020063165990393,0.0046752640391924,52.0,0.2962962962962963,0.3888888888888889,-5.0,0.0009847565351078
2024-02-22 00:00:00+00:00,74.89189108055353,78.43558804957509,74.08831901858908,78.3986587524414,865100000,0.07403178364380025,0.0035461054181048835,55.0,31.0,9.0,15.0,0.0051891431862657,0.0051891431861714,0.2854028752446162,0.0119794282317161,0.0009847565351078,0.0020063165990393,54.0,0.5636363636363636,0.1636363636363636,22.0,0.0051891431861714
2024-02-23 00:00:00+00:00,80.64666119604064,82.24781162101127,77.43237298519631,78.67716217041016,829388000,-0.013583663958948073,0.003483036814282534,49.0,23.0,9.0,17.0,0.0041006303307961,0.0041006303307124,0.20093088620901,0.0117977528274059,0.0051891431861714,0.0009847565351078,55.0,0.4693877551020408,0.1836734693877551,14.0,0.0041006303307124
2024-02-26 00:00:00+00:00,79.5585907729136,80.50291911362528,78.36571128314377,78.95167541503906,503973000,-0.004010537254328414,-0.004955945197806556,36.0,14.0,8.0,14.0,0.0027469105960594,0.0027469105959831,0.098888781458139,0.0120132529735565,0.0052906480903102,0.0042703396688608,10.0,0.3888888888888889,0.2222222222222222,6.0,0.0027469105959831
2024-02-27 00:00:00+00:00,79.24015705268404,79.338988045559,77.02509990421383,78.56136322021484,391705000,-0.022433978528397427,-0.013276973116113441,38.0,13.0,10.0,15.0,0.0018803397213157,0.0018803397212662,0.0714529094099995,0.0115923732519149,0.0027469105959831,0.0052906480903102,36.0,0.3421052631578947,0.2631578947368421,3.0,0.0018803397212662
2024-02-28 00:00:00+00:00,77.48227691873889,78.7929431019633,76.98815248522881,77.52519989013672,393110000,0.018811975413924428,0.018485680192899895,44.0,17.0,3.0,24.0,0.0038438499288802,0.0038438499287928,0.169129396870731,0.0118805254995822,0.0018803397212662,0.0027469105959831,38.0,0.3863636363636363,0.0681818181818181,14.0,0.0038438499287928
2024-02-29 00:00:00+00:00,78.95366810218512,79.84807446200602,78.2109848648127,78.97163391113281,507289000,0.011389547861150947,0.03925129324593684,45.0,24.0,5.0,16.0,0.0045523671971426,0.0045523671970415,0.2048565238714207,0.011738853752613,0.0038438499287928,0.0018803397212662,44.0,0.5333333333333333,0.1111111111111111,19.0,0.0045523671970415
2024-03-01 00:00:00+00:00,79.85805518730493,82.15397732028299,79.29405523547015,82.13301086425781,479135000,0.05033636769543016,0.03531951666253085,39.0,18.0,4.0,17.0,0.0048341867877886,0.0048341867876647,0.1885332847237576,0.0119081504642963,0.0045523671970415,0.0038438499287928,45.0,0.4615384615384615,0.1025641025641025,14.0,0.0048341867876647
2024-03-04 00:00:00+00:00,83.98070887832954,87.53938523582946,83.57044270492621,85.08574676513672,615616000,0.013506593030654313,0.008540090175054122,41.0,24.0,6.0,11.0,0.0052120133540252,0.005212013353898,0.2136925475150337,0.0119002878665924,0.0037518321748796,0.0039429603001862,10.0,0.5853658536585366,0.1463414634146341,18.0,0.005212013353898
2024-03-05 00:00:00+00:00,85.12269695886387,85.94827183043155,83.27290109267872,85.81549835205078,520639000,0.03176412163016672,0.03133124288282483,37.0,17.0,9.0,11.0,0.0023162740622017,0.0023162740621391,0.0857021403014656,0.0119081142544746,0.005212013353898,0.0037518321748796,41.0,0.4594594594594595,0.2432432432432432,8.0,0.0023162740621391
2024-03-06 00:00:00+00:00,87.8699456446009,89.56900130568565,86.87965493223747,88.54676818847656,582520000,0.02397689215349082,0.04377419238298312,32.0,14.0,4.0,14.0,0.0033560376409441,0.0033560376408392,0.1073932045102118,0.0118532533943653,0.0023162740621391,0.005212013353898,37.0,0.4375,0.125,10.0,0.0033560376408392
2024-03-07 00:00:00+00:00,90.00225477502153,92.60674904676837,89.44721547430589,92.50891876220703,608119000,0.053764643126279446,-0.05707542620610871,33.0,12.0,4.0,17.0,0.0037964154472856,0.0037964154471706,0.1252817097604266,0.0118159312009811,0.0033560376408392,0.0023162740621391,32.0,0.3636363636363636,0.1212121212121212,8.0,0.0037964154471706
2024-03-08 00:00:00+00:00,94.97363874493585,97.23173191783087,86.35654773150235,87.37678527832031,1142269000,-0.09600503443386653,-0.02024262401636384,39.0,14.0,8.0,17.0,0.0023498450257839,0.0023498450257236,0.0916439560055727,0.0119839826226234,0.0037964154471706,0.0033560376408392,33.0,0.358974358974359,0.2051282051282051,6.0,0.0023498450257236
2024-03-11 00:00:00+00:00,86.27969890435133,88.6436045203793,84.0206076407832,85.6258316040039,678364000,0.018570240730755236,0.06912654458159422,41.0,14.0,10.0,17.0,0.0023382741234651,0.0023382741234081,0.0958692390620704,0.0117836268246173,0.0050592072701211,0.0050682497074162,12.0,0.3414634146341463,0.2439024390243902,4.0,0.0023382741234081
2024-03-12 00:00:00+00:00,87.8969031445505,91.80114256968415,86.0011815049168,91.75422668457031,668075000,0.03357011336582462,-0.011214605678534061,45.0,20.0,10.0,15.0,0.0037255547218852,0.0037255547218024,0.1676499624848358,0.0118927681446075,0.0023382741234081,0.0050592072701211,41.0,0.4444444444444444,0.2222222222222222,10.0,0.0037255547218024
2024-03-13 00:00:00+00:00,90.89769886633881,91.34592070136199,88.28222228746216,90.73098754882812,635713000,-0.01636514711730803,-0.03292778724354298,37.0,15.0,6.0,16.0,0.0032448014866661,0.0032448014865784,0.1200576550066464,0.0117000693082809,0.0037255547218024,0.0023382741234081,45.0,0.4054054054054054,0.1621621621621621,9.0,0.0032448014865784
2024-03-14 00:00:00+00:00,89.42225054534444,90.48940398821422,86.45038860441925,87.79206848144531,602318000,-0.029995274791304455,-0.001217295765369857,31.0,13.0,6.0,12.0,0.0014361023378948,0.0014361023378485,0.0445191724747416,0.0113517132401466,0.0032448014865784,0.0037255547218024,37.0,0.4193548387096774,0.1935483870967742,7.0,0.0014361023378485
2024-03-15 00:00:00+00:00,86.77983369344113,89.39131202190967,86.10799973550625,87.68526458740234,642086000,0.03900822740772079,0.0070110749622235525,39.0,16.0,8.0,15.0,0.0034112860147769,0.0034112860146894,0.1330401545763006,0.0118199197947978,0.0014361023378485,0.0032448014865784,31.0,0.4102564102564102,0.2051282051282051,8.0,0.0034112860146894
2024-03-18 00:00:00+00:00,90.23185202169164,92.24536587684682,86.9345566695886,88.30219268798828,668976000,-0.04165762714837005,0.010604415991560796,58.0,30.0,1.0,27.0,0.0047138259015206,0.0047138259014393,0.2734019022881965,0.0115460200607776,0.0040006382760307,0.0054517832694165,13.0,0.5172413793103449,0.0172413793103448,29.0,0.0047138259014393
2024-03-19 00:00:00+00:00,86.55022352343148,90.38758481674583,84.86314816147532,89.24356842041016,672171000,0.0350976469239285,0.010836124179525826,50.0,25.0,9.0,16.0,0.0037959752199053,0.0037959752198294,0.1897987609952675,0.0116842217743396,0.0047138259014393,0.0040006382760307,58.0,0.5,0.18,16.0,0.0037959752198294
2024-03-20 00:00:00+00:00,89.6418701073994,90.25381771221527,88.07059173697641,90.21588134765625,479063000,0.027492614523437216,0.011693781986421752,37.0,19.0,4.0,14.0,0.0044972843334481,0.0044972843333265,0.1663995203375805,0.0116164056956768,0.0037959752198294,0.0047138259014393,50.0,0.5135135135135135,0.1081081081081081,15.0,0.0044972843333265
2024-03-21 00:00:00+00:00,92.14054972284487,92.48794810720764,90.24881917443113,91.27703857421875,480372000,-0.012636328576606156,0.030736339566122556,36.0,18.0,3.0,15.0,0.0051870462720592,0.0051870462719151,0.186733665794133,0.0117252612113952,0.0044972843333265,0.0037959752198294,37.0,0.5,0.0833333333333333,15.0,0.0051870462719151
2024-03-22 00:00:00+00:00,90.9835569272488,94.61427521165601,90.67708804781446,94.1261215209961,586719000,0.030259074897013776,0.007533257371107434,25.0,12.0,3.0,10.0,0.0036171474039554,0.0036171474038107,0.0904286850988861,0.0118586654961109,0.0051870462719151,0.0044972843333265,36.0,0.48,0.12,9.0,0.0036171474038107
2024-03-25 00:00:00+00:00,93.77871131394467,96.59882785449742,93.34845614456138,94.83787536621094,552136000,0.02012803951237909,-0.02602997359378439,37.0,19.0,4.0,14.0,0.004832696541741,0.0048326965416104,0.1788097720444194,0.0117687647044658,0.0020277602941663,0.0038438456352681,11.0,0.5135135135135135,0.1081081081081081,15.0,0.0048326965416104
2024-03-26 00:00:00+00:00,95.68541767838448,96.20851455285562,92.34220396856466,92.4011001586914,513648000,-0.028991754067771096,-0.025284194814416048,24.0,13.0,0.0,11.0,0.0052343404827018,0.0052343404824837,0.1256241715848438,0.0112986490130424,0.0048326965416104,0.0020277602941663,37.0,0.5416666666666666,0.0,13.0,0.0052343404824837
2024-03-27 00:00:00+00:00,92.95115660792449,93.07893385392306,88.96904884364167,90.09410095214844,586067000,-0.033993478591038094,0.0011737725792256156,22.0,8.0,5.0,9.0,0.0023039403815161,0.0023039403814113,0.0506866883933542,0.0115330226719379,0.0052343404824837,0.0048326965416104,24.0,0.3636363636363636,0.2272727272727272,3.0,0.0023039403814113
2024-03-28 00:00:00+00:00,89.8445252112995,91.1422825108375,89.03892009399118,90.19991302490234,435212000,0.0033167205395620595,7.739060535203478e-05,35.0,13.0,3.0,19.0,0.004192763613803,0.0041927636136832,0.1467467264831057,0.0118033047020435,0.0023039403814113,0.0052343404824837,22.0,0.3714285714285714,0.0857142857142857,10.0,0.0041927636136832
2024-04-01 00:00:00+00:00,90.14300911365386,92.0656767674512,89.04989954343785,90.20689392089844,452441000,-0.02071174859169104,-0.010132781811165743,29.0,11.0,1.0,17.0,0.0042499887943267,0.0042499887941802,0.1232496750354757,0.0117949557304382,0.0028503164051181,0.0037072856256551,16.0,0.3793103448275862,0.0344827586206896,10.0,0.0042499887941802
2024-04-02 00:00:00+00:00,88.29519159294945,89.93835161134503,87.46862677190417,89.2974624633789,433064000,0.000407099460968361,-0.005470320656842552,26.0,5.0,2.0,19.0,0.00255567285877,0.0025556728586717,0.0664474943280213,0.0117180842161178,0.0042499887941802,0.0028503164051181,29.0,0.1923076923076923,0.0769230769230769,3.0,0.0025556728586717
2024-04-03 00:00:00+00:00,88.33114383542578,90.21787822523544,88.24728931215489,88.81031036376953,370067000,0.021488713144915544,-0.03498988456565845,28.0,11.0,7.0,10.0,0.0029640210494398,0.002964021049334,0.0829925893843171,0.0115151047706604,0.0025556728586717,0.0042499887941802,26.0,0.3928571428571428,0.25,4.0,0.002964021049334
2024-04-04 00:00:00+00:00,90.24980742241583,90.4774179638533,85.73162583573242,85.75658416748047,434965000,-0.03994366712631514,0.02418601558162921,23.0,14.0,1.0,8.0,0.0052845897687517,0.005284589768522,0.1215455646812909,0.0115983790159225,0.002964021049334,0.0025556728586717,28.0,0.6086956521739131,0.0434782608695652,13.0,0.005284589768522
2024-04-05 00:00:00+00:00,86.71594667786945,88.32816244191248,85.7775755946387,87.8559799194336,399678000,0.020892999373482837,-0.009992217164567684,21.0,9.0,3.0,9.0,0.0037662949434348,0.0037662949432554,0.0790921938121313,0.0118996545672416,0.005284589768522,0.002964021049334,23.0,0.4285714285714285,0.1428571428571428,6.0,0.0037662949432554
2024-04-08 00:00:00+00:00,88.54676191015398,88.67654220104028,86.58216705957724,86.98247528076172,283220000,-0.014284107918527808,-0.02062843851513998,21.0,12.0,3.0,6.0,0.0048553041021028,0.0048553041018716,0.1019613861441607,0.0116567005217075,0.0024541395564289,0.0046961230606893,8.0,0.5714285714285714,0.1428571428571428,9.0,0.0048553041018716
2024-04-09 00:00:00+00:00,87.29094090122678,87.4836082761363,82.87857850073121,85.20654296875,501700000,-0.04104019622608107,0.01954908808289071,31.0,17.0,7.0,7.0,0.0034035077806441,0.0034035077805343,0.1055087411999697,0.0118642809987068,0.0048553041018716,0.0024541395564289,21.0,0.5483870967741935,0.2258064516129032,10.0,0.0034035077805343
2024-04-10 00:00:00+00:00,83.78102010903869,87.24901778988773,83.56439211342133,86.88864135742188,431929000,0.040788574510582216,0.04027445139496828,39.0,14.0,5.0,20.0,0.0032205912241568,0.0032205912240742,0.1256030577421178,0.0115277105569839,0.0034035077805343,0.0048553041018716,31.0,0.358974358974359,0.1282051282051282,9.0,0.0032205912240742
2024-04-11 00:00:00+00:00,87.2689793680449,90.58224601063488,86.77583708331596,90.45945739746094,431637000,0.0257355919293401,-0.027182514333963778,22.0,9.0,2.0,11.0,0.0045107806609435,0.0045107806607384,0.0992371745407574,0.0115345767140388,0.0032205912240742,0.0034035077805343,39.0,0.4090909090909091,0.0909090909090909,7.0,0.0045107806607384
2024-04-12 00:00:00+00:00,89.54404775764081,90.01923104025528,87.37879585703206,88.03366088867188,426805000,-0.006722774549124799,-0.025089333092917047,31.0,11.0,7.0,13.0,0.0024270833442287,0.0024270833441505,0.0752395836710925,0.0117844748497009,0.0045107806607384,0.0032205912240742,22.0,0.3548387096774194,0.2258064516129032,4.0,0.0024270833441505
2024-04-15 00:00:00+00:00,88.94408228829708,90.45646450816476,85.78055803275619,85.85243225097656,443077000,-0.030367336171707192,0.0163080001893587,25.0,9.0,3.0,13.0,0.0032330237090587,0.0032330237089294,0.0808255927264686,0.0116756369173526,0.0025437215898731,0.0033836887510062,8.0,0.36,0.12,6.0,0.0032330237089294
2024-04-16 00:00:00+00:00,86.28368645109244,87.965773191981,85.91532822119116,87.26399230957031,370453000,0.021823313038355028,-0.03943360069453883,24.0,11.0,7.0,6.0,0.0021328673698007,0.0021328673697119,0.0511888168752191,0.011967302262783,0.0032330237089294,0.0025437215898731,25.0,0.4583333333333333,0.2916666666666667,4.0,0.0021328673697119
2024-04-17 00:00:00+00:00,88.18737923912188,88.62163290761173,83.80496405819224,83.88982391357422,495400000,-0.038894695947960675,0.007539709106960808,30.0,17.0,2.0,11.0,0.0053528817196686,0.0053528817194902,0.1605864515900601,0.0117613893747329,0.0021328673697119,0.0032330237089294,24.0,0.5666666666666667,0.0666666666666666,15.0,0.0053528817194902
2024-04-18 00:00:00+00:00,84.82320627802973,86.0410998135889,82.25964198597137,84.52471923828125,447260000,-0.021651861185783286,-0.10541152518052085,27.0,12.0,2.0,13.0,0.0041529414179148,0.004152941417761,0.1121294182837003,0.0115474960207939,0.0053528817194902,0.0021328673697119,30.0,0.4444444444444444,0.074074074074074,10.0,0.004152941417761
2024-04-19 00:00:00+00:00,83.00636595540483,84.17833393456459,75.47539894537725,76.06836700439453,875198000,-0.06260507154173625,0.04262188827725607,20.0,4.0,9.0,7.0,-0.0014301409900188,-0.0014301409899473,-0.0286028198003766,0.0114921253919601,0.004152941417761,0.0053528817194902,27.0,0.2,0.45,-5.0,0.0014301409899473
2024-04-22 00:00:00+00:00,77.96907171420484,79.93467203595871,76.26802061217705,79.38063049316406,596341000,0.033552040866541996,0.03588117058350522,30.0,6.0,8.0,16.0,-0.0007389229913552,-0.0007389229913306,-0.0221676897406578,0.0113863232731819,0.0014137031328519,0.001826247150547,14.0,0.2,0.2666666666666666,-2.0,0.0007389229913306
2024-04-23 00:00:00+00:00,80.62947459576492,82.62601974052421,80.1253496885507,82.2806167602539,438559000,0.03862808231949908,-0.03388356656318143,25.0,6.0,1.0,18.0,0.0022183136487007,0.0022183136486119,0.0554578412175175,0.011680062264204,-0.0007389229913306,0.0014137031328519,30.0,0.24,0.04,5.0,0.0022183136486119
2024-04-24 00:00:00+00:00,83.80497344877082,83.93674919660243,79.0462101404743,79.53936004638672,512208000,-0.06244591029478976,0.036415989975568726,21.0,6.0,1.0,14.0,0.0029999030275004,0.0029999030273575,0.0629979635775086,0.0116437892615795,0.0022183136486119,-0.0007389229913306,25.0,0.2857142857142857,0.0476190476190476,5.0,0.0029999030273575
2024-04-25 00:00:00+00:00,78.73174524823247,83.17905069622672,78.08786289005887,82.48925018310547,424641000,0.060872488818738295,0.05992407273663559,18.0,6.0,2.0,10.0,0.0025865550223323,0.0025865550221886,0.0465579904019828,0.0116064338386058,0.0029999030273575,0.0022183136486119,21.0,0.3333333333333333,0.1111111111111111,4.0,0.0025865550221886
2024-04-26 00:00:00+00:00,83.67321658546781,88.17842147858853,83.2429613231266,87.58345031738281,551011000,0.04407605291834893,0.00025067116507915624,22.0,10.0,4.0,8.0,0.0043377913277257,0.0043377913275285,0.095431409209966,0.0116345387697219,0.0025865550221886,0.0029999030273575,18.0,0.4545454545454545,0.1818181818181818,6.0,0.0043377913275285
2024-04-29 00:00:00+00:00,87.44368500312586,87.8399947565515,85.11870586410434,87.60540771484375,388971000,-0.00406090970070996,-0.01556073965389774,21.0,9.0,0.0,12.0,0.005487409343322,0.0054874093430607,0.1152355962097636,0.0115544207394123,0.0038032100382163,0.0025222212247931,8.0,0.4285714285714285,0.0,9.0,0.0054874093430607
2024-04-30 00:00:00+00:00,87.0893041357892,88.66557903150859,86.15093302077396,86.25275421142578,363709000,-0.02510641897436368,-0.03967663429046501,23.0,10.0,5.0,8.0,0.0031826828433119,0.0031826828431735,0.0732017053961749,0.0118781523406505,0.0054874093430607,0.0038032100382163,21.0,0.4347826086956521,0.217391304347826,5.0,0.0031826828431735
2024-05-01 00:00:00+00:00,84.93002290842145,85.85142484392729,81.11461964994571,82.89753723144531,559863000,-0.007408943637977752,0.03288272537753157,26.0,8.0,5.0,13.0,0.0031092478598539,0.0031092478597343,0.0808404443562025,0.0117347079515457,0.0031826828431735,0.0054874093430607,23.0,0.3076923076923077,0.1923076923076923,3.0,0.0031092478597343
2024-05-02 00:00:00+00:00,84.30310641773906,86.08801954331209,83.05626359727954,85.66874694824219,377898000,0.03878844957091714,0.034045644292085196,26.0,10.0,4.0,12.0,0.0038166534980902,0.0038166534979434,0.0992329909503452,0.0117856708168983,0.0031092478597343,0.0031826828431735,26.0,0.3846153846153846,0.1538461538461538,6.0,0.0038166534979434
2024-05-03 00:00:00+00:00,87.6373400551101,89.12675929539812,86.8896334546632,88.63561248779297,398341000,0.01807256974577436,0.037046350148492,21.0,11.0,6.0,4.0,0.0034636428739343,0.0034636428737693,0.0727365003526206,0.0119167375564575,0.0038166534979434,0.0031092478597343,26.0,0.5238095238095238,0.2857142857142857,5.0,0.0034636428737693
2024-05-06 00:00:00+00:00,89.23557056109705,92.06068332323404,88.90115021604193,91.98081970214844,376203000,0.018927022162097414,-0.0173627966085802,42.0,22.0,7.0,13.0,0.0035350057653018,0.0035350057652176,0.1484702421426764,0.0115605333447456,0.0023093111511745,0.0038691064407689,7.0,0.5238095238095238,0.1666666666666666,15.0,0.0035350057652176
2024-05-07 00:00:00+00:00,90.94061902784969,91.62243773928878,88.8572265315021,90.3975601196289,437342000,-0.017887007192342885,-0.0015691809323266485,34.0,15.0,8.0,11.0,0.0026306528186096,0.0026306528185323,0.089442195832729,0.0117817167937755,0.0035350057652176,0.0023093111511745,42.0,0.4411764705882353,0.2352941176470588,7.0,0.0026306528185323
2024-05-08 00:00:00+00:00,89.32842516703573,91.03646805439529,89.26553046184982,90.25582122802734,325721000,0.011621552783898292,-0.018587385728872148,28.0,14.0,4.0,10.0,0.0042599369415214,0.0042599369413693,0.1192782343626018,0.0118704903125762,0.0026306528185323,0.0035350057652176,34.0,0.5,0.1428571428571428,10.0,0.0042599369413693
2024-05-09 00:00:00+00:00,90.37261598217049,90.91467725150264,88.07858911055452,88.59369659423828,378013000,-0.0024776490702787513,0.012663284929079055,14.0,8.0,2.0,4.0,0.0047877234518527,0.0047877234515107,0.0670281283259389,0.0116649915277957,0.0042599369413693,0.0026306528185323,28.0,0.5714285714285714,0.1428571428571428,6.0,0.0047877234515107
2024-05-10 00:00:00+00:00,90.14898151247446,91.24308863753515,89.07284103464511,89.72271728515625,335325000,0.0019140264643717469,0.005780219069988362,30.0,17.0,2.0,11.0,0.0054564334342876,0.0054564334341057,0.1636930030286301,0.0117208865284919,0.0047877234515107,0.0042599369413693,14.0,0.5666666666666667,0.0666666666666666,15.0,0.0054564334341057
2024-05-13 00:00:00+00:00,90.32169428450598,90.84080023922876,88.37606371894472,90.24283599853516,289680000,-0.009762485857320823,0.010530822489061613,25.0,9.0,5.0,11.0,0.0027816234254836,0.0027816234253724,0.069540585637092,0.011088563799858,0.0050799128491092,0.0003578231582442,7.0,0.36,0.2,4.0,0.0027816234253724
2024-05-14 00:00:00+00:00,89.44422015487879,91.49267735254841,88.78036800318161,91.19818878173828,296507000,0.03156185432610115,0.035210633970043585,24.0,10.0,5.0,9.0,0.0027326766438782,0.0027326766437643,0.0655842394530768,0.0109622402489185,0.0027816234253724,0.0050799128491092,25.0,0.4166666666666667,0.2083333333333333,5.0,0.0027326766437643
2024-05-15 00:00:00+00:00,92.31226797545344,94.69813898318716,91.44077486128403,94.46653747558594,417735000,0.026023105609306336,-0.0028679622394519495,31.0,17.0,2.0,12.0,0.0060544834281167,0.0060544834279214,0.1876889862716188,0.0120250628888607,0.0027326766437643,0.0027816234253724,24.0,0.5483870967741935,0.064516129032258,15.0,0.0060544834279214
2024-05-16 00:00:00+00:00,94.74604980958085,95.65347613046144,93.94043705092355,94.19599914550781,323952000,-0.005716504227567753,-0.020125173419854973,28.0,14.0,2.0,12.0,0.0052521631153566,0.005252163115169,0.1470605672299853,0.0114409758150577,0.0060544834279214,0.0027326766437643,31.0,0.5,0.0714285714285714,12.0,0.005252163115169
2024-05-17 00:00:00+00:00,94.20597874528181,94.57633241179128,91.64740285082287,92.3192367553711,359691000,-0.006580917577685707,0.024576934089285525,23.0,9.0,3.0,11.0,0.003779612046221,0.0037796120460566,0.086931077063083,0.0116661745309829,0.005252163115169,0.0060544834279214,28.0,0.391304347826087,0.1304347826086956,6.0,0.0037796120460566
2024-05-20 00:00:00+00:00,93.58805245494568,95.03554461976276,93.27859039868353,94.61627197265625,318764000,-0.001612118990218944,0.006373286765852993,5.0,0.0,0.0,5.0,0.0012108328342437,0.0012108328340015,0.0060541641712188,0.0032644236087799,0.0048320002179291,0.005688878148083,12.0,0.0,0.0,0.0,0.0012108328340015
2024-05-21 00:00:00+00:00,93.43729892728764,95.23519004733342,93.01902406434208,95.2212142944336,328946000,0.019677164760059082,-0.004581406782684262,5.0,1.0,2.0,2.0,0.0001055002570152,0.0001055002569941,0.0005275012850761,0.0117039021849632,0.0012108328340015,0.0048320002179291,5.0,0.2,0.4,-1.0,0.0001055002569941
2024-05-22 00:00:00+00:00,95.29408831779949,95.85411617010452,93.0879071432018,94.78596496582031,548648000,0.06655057910512734,0.08910609332815539,5.0,0.0,0.0,5.0,0.0,0.0,0.0,0.0,0.0001055002569941,0.0012108328340015,5.0,0.0,0.0,0.0,0.0
2024-05-23 00:00:00+00:00,101.85175314144693,106.1363388077003,101.34462744914427,103.61969757080078,835065000,0.023451500772434124,0.025397403077139,5.0,2.0,1.0,2.0,0.0032650064885616,0.0032650064879085,0.016325032442808,0.0104660113155841,0.0,0.0001055002569941,5.0,0.4,0.2,1.0,0.0032650064879085
2024-05-24 00:00:00+00:00,104.2685576920773,106.29105867121642,102.82206339543845,106.28507232666016,429494000,0.05399722041403137,0.06747576850928791,5.0,3.0,0.0,2.0,0.0051934095680713,0.0051934095670326,0.0259670478403565,0.0111636282503604,0.0032650064879085,0.0,5.0,0.6,0.0,3.0,0.0051934095670326
2024-05-28 00:00:00+00:00,110.05355122917427,114.74044007562202,109.69317481392171,113.70423126220703,652728000,0.025134186187723465,0.008079626457463728,5.0,1.0,2.0,2.0,-0.0006876706063747,-0.0006876706062372,-0.0034383530318736,0.0109525714814662,0.0030734433942846,0.0058912751126427,5.0,0.2,0.4,-1.0,0.0006876706062372
2024-05-29 00:00:00+00:00,112.85471267036033,115.29248791517858,110.70942292973874,114.62664031982422,557442000,0.014053708501502744,-0.03839377106926909,5.0,0.0,3.0,2.0,-0.0028964344680309,-0.0028964344674516,-0.0144821723401545,0.0108634288609027,-0.0006876706062372,0.0030734433942846,5.0,0.0,0.6,-3.0,0.0028964344674516
2024-05-30 00:00:00+00:00,114.45193707992216,115.61891628592592,109.47355289556607,110.3091049194336,484553000,-0.01875309098523343,-0.00787708952691159,5.0,2.0,1.0,2.0,0.0037852274954319,0.0037852274946748,0.0189261374771595,0.0119309370219707,-0.0028964344674516,-0.0006876706062372,5.0,0.4,0.2,1.0,0.0037852274946748
2024-05-31 00:00:00+00:00,112.32560941345422,112.52227529514084,106.75525509489461,109.443603515625,613263000,0.00973743306136558,0.04779369392523334,5.0,4.0,0.0,1.0,0.0072686481595039,0.0072686481580501,0.0363432407975195,0.0113884219527244,0.0037852274946748,-0.0028964344674516,5.0,0.8,0.0,4.0,0.0072686481580501
2024-06-03 00:00:00+00:00,113.42471506551881,114.80133056640625,111.80950641949946,114.80133056640625,438392000,0.018270666129526037,0.012418286408971965,5.0,2.0,1.0,2.0,0.0018136416494846,0.0018136416491218,0.009068208247423,0.0098168022930622,0.0034552622728589,0.0046881471743743,5.0,0.4,0.2,1.0,0.0018136416491218
2024-06-04 00:00:00+00:00,115.51610755402032,116.39857553569502,113.8479889155611,116.23585510253906,403324000,0.022684786907292573,0.050270761398447154,5.0,1.0,1.0,3.0,0.0028135953962802,0.0028135953957175,0.0140679769814013,0.0102365012466907,0.0018136416491218,0.0034552622728589,5.0,0.2,0.2,0.0,0.0028135953957175
2024-06-05 00:00:00+00:00,118.16651413530396,122.2374646244509,117.26507420610801,122.22848510742188,528402000,0.046844874882134756,-0.011847014372230331,5.0,1.0,0.0,4.0,0.0029049991488456,0.0029049991482646,0.0145249957442282,0.0110417613387107,0.0028135953957175,0.0018136416491218,5.0,0.2,0.0,1.0,0.0029049991482646
2024-06-06 00:00:00+00:00,123.83371299207869,125.37005594832782,118.1156108470622,120.78898620605469,664696000,-0.035095470998220885,-0.0009096449621897345,5.0,2.0,1.0,2.0,0.0010409579455852,0.001040957945377,0.005204789727926,0.0100059184432029,0.0029049991482646,0.0028135953957175,5.0,0.4,0.2,1.0,0.001040957945377
2024-06-07 00:00:00+00:00,119.56308862810559,121.481772978908,117.81811489560457,120.67916107177734,412386000,0.0049972242428421776,0.007433834430319167,5.0,0.0,1.0,4.0,-0.0002822457194328,-0.0002822457193763,-0.0014112285971642,0.0030033407211303,0.001040957945377,0.0029049991482646,5.0,0.0,0.2,-1.0,0.0002822457193763
2024-06-10 00:00:00+00:00,120.16206756268633,122.88734731323206,116.80787124184927,121.5796127319336,313434100,0.011645789150451285,-0.007169607733402697,5.0,3.0,0.0,2.0,0.0048729028761386,0.004872902875164,0.0243645143806932,0.0107673625648021,0.0032680879228731,0.0017229959186446,5.0,0.6,0.0,3.0,0.004872902875164
2024-06-11 00:00:00+00:00,121.56962984389475,122.66782593913159,118.54461678500223,120.71105194091797,222551200,0.01053804385983031,0.03486595115461997,5.0,1.0,2.0,2.0,0.0010208310127258,0.0010208310125216,0.0051041550636292,0.0114245456457138,0.004872902875164,0.0032680879228731,5.0,0.2,0.4,-1.0,0.0010208310125216
2024-06-12 00:00:00+00:00,122.85750988511934,126.67122400488891,122.36831828276222,124.99398803710938,299595000,0.050159020638355,0.034617459354317794,5.0,0.0,0.0,5.0,0.0003285696029663,0.0003285696029006,0.0016428480148316,0.0036082797050476,0.0010208310125216,0.004872902875164,5.0,0.0,0.0,0.0,0.0003285696029006
2024-06-13 00:00:00+00:00,129.1770893049594,129.5864183097163,126.9507630154097,129.396728515625,260704500,0.004395759958788584,0.01736260119134668,5.0,0.0,2.0,3.0,7.591513395306017e-05,7.591513393787703e-05,0.0003795756697653,0.0088500234484672,0.0003285696029006,0.0010208310125216,5.0,0.0,0.4,-2.0,7.591513393787703e-05
2024-06-14 00:00:00+00:00,129.74617063783822,132.6214215295718,128.10886970168357,131.6630096435547,309320400,0.023047210366780018,-0.0068478539589265745,5.0,3.0,0.0,2.0,0.0044250534892081,0.0044250534883231,0.0221252674460409,0.0084024575352668,7.591513393787703e-05,0.0003285696029006,5.0,0.6,0.0,3.0,0.0044250534883231
2024-06-17 00:00:00+00:00,132.77118307637525,133.5099557271365,129.3667902512595,130.7644805908203,288504400,-0.014008637484824827,0.034517169401505336,5.0,1.0,1.0,3.0,0.0005780990540981,0.0005780990539825,0.0028904952704908,0.0104758624732494,0.0044286715737068,0.0032542856746363,5.0,0.2,0.2,0.0,0.0005780990539825
2024-06-18 00:00:00+00:00,130.92420671975586,136.10566894087242,130.47495024767164,135.35690307617188,294335100,0.06394756106658998,-0.036045213090354286,5.0,1.0,0.0,4.0,0.0032077149391173,0.0032077149384758,0.0160385746955868,0.0042863874435424,0.0005780990539825,0.0044286715737068,5.0,0.2,0.0,1.0,0.0032077149384758
2024-06-20 00:00:00+00:00,139.56998250489207,140.5283944338281,129.30689796657785,130.5648193359375,517768400,-0.09508148457560163,-0.03272117718698754,5.0,0.0,1.0,4.0,0.0002185856819152,0.0002185856818715,0.0010929284095763,0.0052475066184997,0.0033160039299054,0.0032077149384758,5.0,0.0,0.2,-1.0,0.0002185856818715
2024-06-21 00:00:00+00:00,126.91082285827493,130.41504917764772,124.09546355999291,126.36172485351562,649445800,-0.030997866616813047,-0.06917909277852484,5.0,1.0,0.0,4.0,0.0037706159234046,0.0037706159226505,0.0188530796170233,0.0113325873017311,0.0002185856818715,0.0033160039299054,5.0,0.2,0.0,1.0,0.0037706159226505
2024-06-24 00:00:00+00:00,123.03720520530106,124.25519890170064,117.84576490444155,117.9156494140625,476060900,-0.016691660797621743,0.06537945699135674,5.0,0.0,3.0,2.0,-0.004418037199974,-0.0044180371990904,-0.0220901859998702,0.0094914025068283,0.0069859115825032,0.0015717356738284,5.0,0.0,0.6,-3.0,0.0044180371990904
2024-06-25 00:00:00+00:00,121.00055473590018,126.29183629953359,119.12365113611966,125.88250732421875,414192600,0.039871103113239534,0.0024556373886987235,5.0,1.0,2.0,2.0,0.0021690391182899,0.0021690391178561,0.0108451955914498,0.0101224705576896,-0.0044180371990904,0.0069859115825032,5.0,0.2,0.4,-1.0,0.0021690391178561
2024-06-26 00:00:00+00:00,125.92244899462368,127.90917229563556,122.39825886605338,126.19200897216797,362975900,-0.016225406495947878,-0.01925058090953915,5.0,2.0,1.0,2.0,0.0047560093224048,0.0047560093214536,0.0237800466120241,0.0118514443933963,0.0021690391178561,-0.0044180371990904,5.0,0.4,0.2,1.0,0.0047560093214536
2024-06-27 00:00:00+00:00,123.8957921998042,126.2019962793405,122.71773358253314,123.78597259521484,252571700,0.0038604112220073264,-0.003635905670978217,5.0,2.0,1.0,2.0,0.0037594960629939,0.003759496062242,0.0187974803149697,0.0113876296579837,0.0047560093214536,0.0021690391178561,5.0,0.4,0.2,1.0,0.003759496062242
2024-06-28 00:00:00+00:00,124.3750052910358,127.49985213027985,122.54801473015355,123.33671569824219,315516700,-0.00894981670492399,0.006133081742294432,5.0,4.0,0.0,1.0,0.0071067385494708,0.0071067385480494,0.0355336927473542,0.0114326335489749,0.003759496062242,0.0047560093214536,5.0,0.8,0.0,4.0,0.0071067385480494
2024-07-01 00:00:00+00:00,123.26683813440599,124.6345790000873,118.63447360818265,124.09547424316406,284885500,-0.019133929127403325,-0.013200248965386872,5.0,2.0,2.0,1.0,0.0019858742475509,0.0019858742471537,0.0099293712377546,0.0117007613182067,0.0041145357064123,0.0039949827603456,5.0,0.4,0.4,0.0,0.0019858742471537
2024-07-02 00:00:00+00:00,120.93068040128533,123.20693510758652,120.83084647254137,122.46814727783203,218374000,0.0043660288557421075,0.04471761340708874,5.0,1.0,1.0,3.0,0.0025274360239505,0.002527436023445,0.0126371801197529,0.0113194091618061,0.0019858742471537,0.0041145357064123,5.0,0.2,0.2,0.0,0.002527436023445
2024-07-03 00:00:00+00:00,121.45982152361671,128.0689239501953,121.16031210370706,128.0689239501953,215749000,0.04594427935648945,-0.019283706184216393,5.0,5.0,0.0,0.0,0.0096522222459315,0.0096522222440011,0.0482611112296579,0.0108565866947174,0.002527436023445,0.0019858742471537,5.0,1.0,0.0,5.0,0.0096522222440011
2024-07-05 00:00:00+00:00,127.17038486367325,128.6379747149119,125.47318537524079,125.62294006347656,214176700,0.0008632006891537796,0.018659727202508254,5.0,3.0,1.0,1.0,0.0055381887733936,0.0055381887722859,0.027690943866968,0.0115330417454242,0.0063988908456878,0.0096522222440011,5.0,0.6,0.2,2.0,0.0055381887722859
2024-07-08 00:00:00+00:00,127.28020581947078,130.55481479101948,126.83094936680692,127.9890365600586,237677300,0.022185325262132405,0.024502455400524207,5.0,3.0,2.0,0.0,0.0026091704666614,0.0026091704661396,0.0130458523333073,0.0113084584474563,0.0080266284092108,0.005167116515795,5.0,0.6,0.4,1.0,0.0026091704661396
2024-07-09 00:00:00+00:00,130.1355144487565,133.59980576329167,128.43829962119838,131.163818359375,285366600,0.027840535597522077,0.02651406838403026,5.0,3.0,0.0,2.0,0.0041432514905929,0.0041432514897642,0.0207162574529647,0.0105221009254455,0.0026091704661396,0.0080266284092108,5.0,0.6,0.0,3.0,0.0041432514897642
2024-07-10 00:00:00+00:00,133.80946190177127,134.87770860466375,132.20211043348235,134.68801879882812,248978600,0.012751271647757707,-0.057276202263991265,5.0,3.0,1.0,1.0,0.0029182292163372,0.0029182292157535,0.014591146081686,0.0106336815655231,0.0041432514897642,0.0026091704661396,5.0,0.6,0.2,2.0,0.0029182292157535
2024-07-11 00:00:00+00:00,135.52662745493282,135.92596317348227,126.84094609019272,127.19036865234375,374782700,-0.05675555720964414,0.01433941905678684,5.0,1.0,3.0,1.0,-0.0015016585946082,-0.0015016585943079,-0.0075082929730414,0.0116252052783966,0.0029182292157535,0.0041432514897642,5.0,0.2,0.6,-2.0,0.0015016585943079
2024-07-12 00:00:00+00:00,128.04894535138322,131.70292655352904,127.01066335258953,129.02734375,252680500,0.01777331039933584,-0.0062094464550263035,5.0,1.0,3.0,1.0,-0.0024059658586978,-0.0024059658582166,-0.0120298292934892,0.0106033767759799,-0.0015016585943079,0.0029182292157535,5.0,0.2,0.6,-2.0,0.0024059658582166
2024-07-15 00:00:00+00:00,130.34514408452472,131.1737800395054,126.97070905664152,128.2286376953125,208326200,-0.016370842052807432,-0.016326765231280987,5.0,2.0,1.0,2.0,0.0025966952085494,0.0025966952080301,0.0129834760427474,0.0096530380845069,0.0060081412005328,0.002420761066191,5.0,0.4,0.2,1.0,0.0025966952080301
2024-07-16 00:00:00+00:00,128.22865593379024,128.82765950066548,124.37500690887067,126.1520767211914,214769500,-0.05678298292333163,-0.06853513804978363,5.0,2.0,1.0,2.0,0.0035130497276782,0.0035130497269756,0.0175652486383914,0.0106005647778511,0.0025966952080301,0.0060081412005328,5.0,0.4,0.2,1.0,0.0035130497269756
2024-07-17 00:00:00+00:00,121.15031675281162,121.64949400158038,116.52793817127537,117.79584503173828,390086200,0.004111886163019014,0.02593422172957436,5.0,2.0,2.0,1.0,0.0008935763001441,0.0008935762999654,0.0044678815007209,0.0116889622807502,0.0035130497269756,0.0025966952080301,5.0,0.4,0.4,0.0,0.0008935762999654
2024-07-18 00:00:00+00:00,121.64949865015035,122.19859669151471,116.36820224234275,120.8907470703125,320979500,-0.012386650337967773,-0.026442844173509495,1.0,1.0,0.0,0.0,0.0057437789440155,0.0057437789382717,0.0057437789440155,0.0057437789440155,0.0008935762999654,0.0035130497269756,5.0,1.0,0.0,1.0,0.0057437789382717
2024-07-19 00:00:00+00:00,120.15196272062997,121.39990584738524,117.176870571876,117.73594665527344,217223800,-2.5884925347802668e-09,0.04647376440038797,5.0,1.0,3.0,1.0,-0.0046401921570301,-0.004640192156102,-0.0232009607851505,0.0100698873400688,0.0057437789382717,0.0008935762999654,1.0,0.2,0.6,-2.0,0.004640192156102
2024-07-22 00:00:00+00:00,120.15196240961751,123.86584236392231,119.66277083791101,123.33671569824219,258068900,0.01998991864217058,-0.00771962930902853,5.0,1.0,1.0,3.0,0.0015961808502674,0.0015961808499481,0.0079809042513371,0.0110420812666416,0.0065442141698622,0.0012808503148378,5.0,0.2,0.2,0.0,0.0015961808499481
2024-07-23 00:00:00+00:00,122.57795729865761,124.4848179409612,121.89907597271183,122.38826751708984,173911000,-0.02984301766756386,-0.0704563158078279,5.0,1.0,3.0,1.0,-0.0008854646325111,-0.000885464632334,-0.0044273231625555,0.0050470787286758,0.0015961808499481,0.0065442141698622,5.0,0.2,0.6,-2.0,0.000885464632334
2024-07-24 00:00:00+00:00,118.9739065074374,119.75262181556741,113.25333936427286,114.06200408935547,327776900,-0.05280934331148046,-0.01739334920183426,5.0,3.0,2.0,0.0,0.0014435696542262,0.0014435696539375,0.0072178482711313,0.0101853381097316,-0.000885464632334,0.0015961808499481,5.0,0.6,0.4,1.0,0.0014435696539375
2024-07-26 00:00:00+00:00,115.99880916186419,116.00878722251285,111.3963944118867,112.87395477294922,293399100,-0.02175140768468797,-0.013087294366159541,5.0,4.0,1.0,0.0,0.0080188022971152,0.0080188022955115,0.0400940114855764,0.0116700315475463,0.0014435696539375,-0.000885464632334,5.0,0.8,0.2,3.0,0.0080188022955115
2024-07-29 00:00:00+00:00,113.50291478569986,116.08864903956604,111.11684836617498,111.40636444091797,248152100,-0.01927150154435771,-0.07303995641379593,5.0,5.0,0.0,0.0,0.0105394957661628,0.0105394957640549,0.0526974788308141,0.0118082726001739,0.0009319718377662,0.0080188022955115,3.0,1.0,0.0,5.0,0.0105394957640549
2024-07-30 00:00:00+00:00,111.33648541055072,111.80571322284378,102.37126667488353,103.55931091308594,486833300,0.012298531938178571,0.12055339404512593,5.0,3.0,1.0,1.0,0.0054303921341896,0.0054303921331035,0.027151960670948,0.0114688305556774,0.0105394957640549,0.0009319718377662,5.0,0.6,0.2,2.0,0.0054303921331035
2024-07-31 00:00:00+00:00,112.71421539482289,118.1452582531107,110.6975352036146,116.82743072509766,473174200,0.04019108761601247,-0.069072243318308,5.0,3.0,1.0,1.0,0.0041132712185382,0.0041132712177156,0.0205663560926913,0.0110035595297813,0.0054303921331035,0.0105394957640549,5.0,0.6,0.2,2.0,0.0041132712177156
2024-08-01 00:00:00+00:00,117.33658921457162,119.9622661121472,106.6342290284255,109.03028106689453,523462300,-0.1246129385914538,-0.01792352594074065,5.0,3.0,2.0,0.0,0.005125227099657,0.005125227098632,0.0256261354982853,0.0117677304148674,0.0041132712177156,0.0054303921331035,5.0,0.6,0.4,1.0,0.005125227098632
2024-08-02 00:00:00+00:00,103.58926418951675,108.54110155423277,101.20319756374683,107.0934829711914,482027500,-0.11963996793188918,-0.06568884763989254,5.0,3.0,1.0,1.0,0.0042987701594829,0.0042987701586231,0.0214938507974147,0.0119425119459629,0.005125227098632,0.0041132712177156,5.0,0.6,0.2,2.0,0.0042987701586231
2024-08-05 00:00:00+00:00,91.90851949250676,103.23984998207244,90.54077860317504,100.28471374511719,552842400,0.12041067244669108,0.03713176642595691,5.0,0.0,3.0,2.0,-0.0053183616578578,-0.0053183616567941,-0.0265918082892893,0.0111023759841918,0.0046771487822715,0.0086201041323586,5.0,0.0,0.6,-3.0,0.0053183616567941
2024-08-06 00:00:00+00:00,103.6691316762756,107.5327664843651,100.38455194570304,104.07846069335938,409012100,0.037519047054808755,-0.05258160906433192,2.0,1.0,0.0,1.0,0.0072578226327895,0.0072578226291606,0.0145156452655791,0.0112726461887359,-0.0053183616567941,0.0046771487822715,5.0,0.5,0.0,1.0,0.0072578226291606
2024-08-07 00:00:00+00:00,107.6325862976113,108.6209626457341,98.52759897070796,98.74723815917969,411440400,-0.05539757628171728,0.05946423023994689,5.0,2.0,1.0,2.0,0.0049978598833083,0.0049978598823088,0.0249892994165418,0.011399108171463,0.0072578226291606,-0.0053183616567941,2.0,0.4,0.2,1.0,0.0049978598823088
2024-08-08 00:00:00+00:00,101.83215026963444,105.32639072006307,97.35951914167633,104.7972640991211,391910000,0.03506438129261751,-0.0020979349489128204,5.0,4.0,1.0,0.0,0.0071080222606658,0.0071080222592442,0.0355401113033291,0.0111060892045497,0.0049978598823088,0.0072578226291606,5.0,0.8,0.2,3.0,0.0071080222592442
2024-08-09 00:00:00+00:00,105.46617163856445,106.42459107060563,103.2598090475883,104.57763671875,290844200,0.006416395305502534,0.039954827464121226,1.0,0.0,1.0,0.0,-0.0040988527536392,-0.0040988527495403,-0.0040988527536392,0.0040988527536392,0.0071080222592442,0.0049978598823088,5.0,0.0,1.0,-1.0,0.0040988527495403
2024-08-12 00:00:00+00:00,106.14505996593543,110.88724428013212,106.08516112777683,108.84061431884766,325559900,0.055966260715899205,0.063264938343604,4.0,1.0,3.0,0.0,-0.0012892446070909,-0.0012892446067686,-0.0051569784283637,0.0101482464373111,0.0029510124315915,0.0102897332290096,3.0,0.25,0.75,-2.0,0.0012892446067686
2024-08-13 00:00:00+00:00,112.25498209343158,116.03874655153282,111.39639661656214,115.94889068603516,312646700,0.052746277405800214,0.016565984034842926,4.0,1.0,3.0,0.0,-0.0028064163178205,-0.0028064163171188,-0.011225665271282,0.0112475723028182,-0.0012892446067686,0.0029510124315915,4.0,0.25,0.75,-2.0,0.0028064163171188
2024-08-14 00:00:00+00:00,118.3349528711921,118.40483737868666,113.88229289564154,117.88569641113281,339246400,0.0019386454618105986,0.03968318471576318,5.0,2.0,1.0,2.0,0.0018757971227169,0.0018757971223417,0.0093789856135845,0.011872956007719,-0.0028064163171188,-0.0012892446067686,4.0,0.4,0.2,1.0,0.0018757971223417
2024-08-15 00:00:00+00:00,118.56458490618095,123.03720888953038,117.27670666159618,122.6578369140625,318086700,0.02642434770322352,0.013902468905711805,5.0,3.0,1.0,1.0,0.0043035920977592,0.0043035920968985,0.0215179604887961,0.0116544415056705,0.0018757971223417,-0.0028064163171188,5.0,0.6,0.2,2.0,0.0043035920968985
2024-08-16 00:00:00+00:00,121.73933737686731,124.79429938850936,120.9805859038701,124.37499237060547,302589900,0.01900793738602777,0.04258635911618577,5.0,2.0,2.0,1.0,0.0012201683282852,0.0012201683280411,0.0061008416414261,0.0112565679848194,0.0043035920968985,0.0018757971223417,5.0,0.4,0.4,0.0,0.0012201683280411
2024-08-19 00:00:00+00:00,124.07548340044629,129.78607177734375,123.21689800857207,129.78607177734375,318333600,0.03261337988839399,-0.021380684154601863,5.0,3.0,1.0,1.0,0.0038236589193343,0.0038236589185696,0.0191182945966719,0.0115169993042945,0.0003376900433818,0.0051301509846917,5.0,0.6,0.2,2.0,0.0038236589185696
2024-08-20 00:00:00+00:00,128.18871285893894,129.6662885004724,125.68284852553639,127.04061126708984,300087400,-0.008446708184945527,0.00977528442341548,4.0,1.0,1.0,2.0,-0.0007112723812461,-0.0007112723810682,-0.0028450895249844,0.0113927219808101,0.0038236589185696,0.0003376900433818,5.0,0.25,0.25,0.0,0.0007112723810682
2024-08-21 00:00:00+00:00,127.11050029285343,129.13716641620366,126.45159025428316,128.28855895996094,257883600,0.020984742034706152,-0.03774630708096765,5.0,3.0,0.0,2.0,0.0065625499188899,0.0065625499175774,0.0328127495944498,0.0115663374960422,-0.0007112723810682,0.0038236589185696,4.0,0.6,0.0,3.0,0.0065625499175774
2024-08-22 00:00:00+00:00,129.80606530219129,130.53485987199215,122.89744589722252,123.53639221191406,376189100,-0.0325182988298101,0.04449374120613125,5.0,3.0,1.0,1.0,0.0056760309338569,0.0056760309327217,0.0283801546692846,0.0117491395771503,0.0065625499175774,-0.0007112723810682,5.0,0.6,0.2,2.0,0.0056760309327217
2024-08-23 00:00:00+00:00,125.65288601497598,129.38673697357257,125.01393980516215,129.1571044921875,323230300,0.029051290551770907,-0.02275029146382756,5.0,3.0,2.0,0.0,0.0052961761057376,0.0052961761046784,0.0264808805286883,0.0117066118121147,0.0056760309327217,0.0065625499175774,5.0,0.6,0.4,1.0,0.0052961761046784
2024-08-26 00:00:00+00:00,129.35680584239554,131.04401222890846,124.1653576328901,126.25191497802734,331964700,-0.03550760046225372,0.014445299994546468,5.0,3.0,1.0,1.0,0.0053839717388153,0.0053839717377385,0.0269198586940765,0.0116469547152519,0.0077178445442975,0.0032211756222958,5.0,0.6,0.2,2.0,0.0053839717377385
2024-08-27 00:00:00+00:00,124.84424526829238,128.98741074794592,123.67616460225028,128.08889770507812,303134600,0.024253535354016326,-0.021189491397206352,5.0,3.0,1.0,1.0,0.0035991927206515,0.0035991927199317,0.017995963603258,0.0103605040907859,0.0053839717377385,0.0077178445442975,5.0,0.6,0.2,2.0,0.0035991927199317
2024-08-28 00:00:00+00:00,127.90917706049713,128.118838213882,122.43819852070378,125.40331268310547,448101100,-0.05420599325108361,-0.06597795355688367,5.0,4.0,0.0,1.0,0.0061415395855903,0.006141539584362,0.0307076979279515,0.0112144219875335,0.0035991927199317,0.0053839717377385,5.0,0.8,0.0,4.0,0.006141539584362
2024-08-29 00:00:00+00:00,121.16030028839229,124.22524823697073,116.51795043355128,117.39649963378906,453023300,-0.015193969856078047,0.015023963959736587,5.0,2.0,3.0,0.0,0.0005989001691341,0.0005989001690144,0.0029945008456709,0.0105424480140209,0.006141539584362,0.0035991927199317,5.0,0.4,0.6,-1.0,0.0005989001690144
2024-08-30 00:00:00+00:00,119.33330911013266,121.54965726206557,117.02711271158417,119.17357635498047,333751600,-0.02989091405689214,-0.10009666007274318,5.0,3.0,1.0,1.0,0.0067345494270324,0.0067345494256855,0.0336727471351622,0.0109734374284744,0.0005989001690144,0.006141539584362,5.0,0.6,0.2,2.0,0.0067345494256855
2024-09-03 00:00:00+00:00,115.8191103772934,116.01877823521122,107.1134577156826,107.8222885131836,477155100,-0.09581894596897855,-0.016713045686887293,5.0,2.0,2.0,1.0,0.0007231682300567,0.0007231682299121,0.0036158411502837,0.0116317844390869,0.0033129607134391,0.0032271615156701,5.0,0.4,0.4,0.0,0.0007231682299121
2024-09-04 00:00:00+00:00,105.2365459269591,113.0836048738263,103.94866777615402,106.03522491455078,372470300,-0.00399247821747163,0.009371239226443197,5.0,1.0,2.0,2.0,-0.0009520318090915,-0.0009520318089011,-0.0047601590454578,0.0113467396795749,0.0007231682299121,0.0033129607134391,5.0,0.2,0.4,-1.0,0.0009520318089011
2024-09-05 00:00:00+00:00,104.8172289236532,109.46956419915412,104.58761167138691,107.03357696533203,306850700,0.028636471286298412,-0.04171234121308252,5.0,1.0,4.0,0.0,-0.0018229732871055,-0.0018229732867409,-0.0091148664355275,0.0107779103517532,-0.0009520318089011,0.0007231682299121,5.0,0.2,0.8,-3.0,0.0018229732867409
2024-09-06 00:00:00+00:00,107.86221523834789,107.97203483673319,100.78387825686288,102.6607894897461,413638100,-0.029684717154217694,0.03478611672059958,5.0,5.0,0.0,0.0,0.0110531246364116,0.0110531246342009,0.0552656231820581,0.0118217591941356,-0.0018229732867409,-0.0009520318089011,5.0,1.0,0.0,5.0,0.0110531246342009
2024-09-09 00:00:00+00:00,104.7074122640328,106.37466998895037,103.5193756446925,106.2947998046875,273912000,0.027553622666769098,0.015193483766764892,5.0,4.0,1.0,0.0,0.0047070192217826,0.0047070192208412,0.0235350961089133,0.0088537727296352,0.0019247955199206,0.0032922886305423,5.0,0.8,0.2,3.0,0.0047070192208412
2024-09-10 00:00:00+00:00,107.63259542371279,109.21998302790867,104.77730096516093,107.922119140625,268283700,0.014549085882379267,0.07834773804902426,5.0,1.0,3.0,1.0,-0.0008991445422172,-0.0008991445420374,-0.0044957227110861,0.0057130140066146,0.0047070192208412,0.0019247955199206,5.0,0.2,0.6,-2.0,0.0008991445420374
2024-09-11 00:00:00+00:00,109.20999835891277,116.99716652085532,107.24323877137772,116.7176284790039,441422400,0.06597153401969162,0.018980388129862528,5.0,1.0,3.0,1.0,-0.0012518374919891,-0.0012518374917387,-0.0062591874599456,0.0119968727231025,-0.0008991445420374,0.0047070192208412,5.0,0.2,0.6,-2.0,0.0012518374917387
2024-09-12 00:00:00+00:00,116.6577172050991,120.60155948017247,115.19999582839206,118.95413208007812,366052700,0.018990093832934627,-0.00033581504277515684,5.0,3.0,2.0,0.0,0.0046205828368663,0.0046205828359422,0.0231029141843318,0.01096025750041,-0.0012518374917387,-0.0008991445420374,5.0,0.6,0.4,1.0,0.0046205828359422
2024-09-13 00:00:00+00:00,118.89422675312926,119.77285113489948,117.4165323291377,118.91419219970703,238358300,-0.01941818512966189,-0.019671742882106154,5.0,2.0,1.0,2.0,0.0021006767272949,0.0021006767268747,0.0105033836364746,0.0112838578224182,0.0046205828359422,-0.0012518374917387,5.0,0.4,0.2,1.0,0.0021006767268747
2024-09-16 00:00:00+00:00,116.60778773961486,117.9956184829638,114.18157866716109,116.5978012084961,248772300,0.011746901082782703,-0.01024228772157619,5.0,1.0,1.0,3.0,0.0017066693425178,0.0017066693421765,0.0085333467125892,0.0090799459815025,-0.0029777395838503,0.0054034192968528,5.0,0.2,0.2,0.0,0.0017066693421765
2024-09-17 00:00:00+00:00,117.98564481894722,118.61466685067687,114.65085910577872,115.40966796875,231925900,-0.019482853926722252,-0.01939264921861312,5.0,1.0,2.0,2.0,-0.0004838115036487,-0.0004838115035519,-0.0024190575182437,0.0102578826248645,0.0017066693421765,-0.0029777395838503,5.0,0.2,0.4,-1.0,0.0004838115035519
2024-09-18 00:00:00+00:00,115.70919560695407,117.51636932909096,113.04336298957726,113.19313049316406,310318900,0.01251946242239679,0.038925528491873085,5.0,2.0,1.0,2.0,0.0046709559917449,0.0046709559908107,0.0233547799587248,0.0108424907922744,-0.0004838115035519,0.0017066693421765,5.0,0.4,0.2,1.0,0.0046709559908107
2024-09-19 00:00:00+00:00,117.16691844656921,119.47331975028854,117.06707598202318,117.68611145019531,293506400,-0.0024742663088598233,-0.015992114455583597,5.0,3.0,2.0,0.0,0.003781318438053,0.0037813184372968,0.0189065921902654,0.0113373114168643,0.0046709559908107,-0.0004838115035519,5.0,0.6,0.4,1.0,0.0037813184372968
2024-09-20 00:00:00+00:00,116.87737463970251,118.43494609535816,115.2099818009,115.81903076171875,382462400,-0.0043662004336639595,0.0022389004489471597,5.0,3.0,0.0,2.0,0.0066439045369625,0.0066439045356337,0.0332195226848125,0.0115079917013645,0.0037813184372968,0.0046709559908107,5.0,0.6,0.0,3.0,0.0066439045356337
2024-09-23 00:00:00+00:00,116.36817703420066,116.80748542405605,114.68081111279044,116.07862854003906,206228500,-0.00025744671917402273,0.03888657161240537,5.0,3.0,0.0,2.0,0.0064711526036262,0.0064711526023319,0.0323557630181311,0.0100230725109577,0.0065591751323932,0.0051063001324454,5.0,0.6,0.0,3.0,0.0064711526023319
2024-09-24 00:00:00+00:00,116.33822228484836,121.6099917401929,115.20000132519814,120.68144226074219,354966800,0.04612196169140408,0.021606457911466953,5.0,3.0,1.0,1.0,0.0053002378225326,0.0053002378214725,0.026501189112663,0.0119323948025703,0.0064711526023319,0.0065591751323932,5.0,0.6,0.2,2.0,0.0053002378214725
2024-09-25 00:00:00+00:00,121.82963321276459,124.74508350925583,121.42027681497308,123.31731414794922,284692900,0.038426089482006834,0.004281921490975103,5.0,3.0,1.0,1.0,0.0065015534102916,0.0065015534089913,0.0325077670514583,0.0119598215818405,0.0053002378214725,0.0064711526023319,5.0,0.6,0.2,2.0,0.0065015534089913
2024-09-26 00:00:00+00:00,126.60217747362803,127.47081527785902,121.6099781665842,123.84648132324219,302582900,-0.02257138328841606,-0.021513138333353346,5.0,2.0,1.0,2.0,0.0049133868753909,0.0049133868744082,0.0245669343769547,0.0114007905125617,0.0065015534089913,0.0053002378214725,5.0,0.4,0.2,1.0,0.0049133868744082
2024-09-27 00:00:00+00:00,123.7765997601264,123.83650371853182,119.07394858799772,121.21060943603516,271009200,-0.04673132177676857,0.00032945384685833623,5.0,4.0,0.0,1.0,0.0071909802317618,0.0071909802303236,0.0359549011588094,0.0117330799996852,0.0049133868744082,0.0065015534089913,5.0,0.8,0.0,4.0,0.0071909802303236
2024-09-30 00:00:00+00:00,118.1254274144435,121.31045327548797,117.96568098439478,121.25054931640625,226553700,0.028825656207419822,-0.03724645706714463,5.0,2.0,2.0,1.0,0.0013083743751049,0.0013083743748432,0.0065418718755245,0.0097437779605388,0.00558464725921,0.0058889236438417,4.0,0.4,0.4,0.0,0.0013083743748432
2024-10-01 00:00:00+00:00,121.58002164337385,122.24898215671047,115.60935538711523,116.81746673583984,302094500,-0.04475783275609579,0.01568826552025279,5.0,2.0,3.0,0.0,0.000874364477396,0.0008743644772211,0.00437182238698,0.0101046228408813,0.0013083743748432,0.00558464725921,5.0,0.4,0.6,-1.0,0.0008743644772211
2024-10-02 00:00:00+00:00,116.25834508658102,119.19375323018366,114.96037016184738,118.66458129882812,221845900,0.03775301110424881,0.03310190175919791,5.0,3.0,1.0,1.0,0.0054944908082485,0.0054944908071496,0.0274724540412425,0.0116060452163219,0.0008743644772211,0.0013083743748432,5.0,0.6,0.2,2.0,0.0054944908071496
2024-10-03 00:00:00+00:00,120.73135113827638,124.16598683922703,120.15225416683853,122.65834045410156,277118000,0.03270450422141941,0.01670944859446635,5.0,4.0,1.0,0.0,0.0060001641780137,0.0060001641768137,0.0300008208900687,0.0113119409978389,0.0054944908071496,0.0008743644772211,5.0,0.8,0.2,3.0,0.0060001641768137
2024-10-04 00:00:00+00:00,124.7450859792245,124.84492844767553,121.63993722019764,124.72511291503906,243678100,0.0004001084701112131,0.022166892712417872,5.0,0.0,1.0,4.0,-0.0009956653237343,-0.0009956653235351,-0.0049783266186715,0.0109220305085182,0.0060001641768137,0.0054944908071496,5.0,0.0,0.2,-1.0,0.0009956653235351
2024-10-07 00:00:00+00:00,124.79500753108144,130.4361947862503,124.75506901888204,127.520751953125,346250200,0.04129864527357016,0.03968128768327789,5.0,2.0,2.0,1.0,0.0031643617093563,0.0031643617087234,0.0158218085467815,0.0101874722540378,0.0113219034615173,0.0044709668746589,2.0,0.4,0.4,0.0,0.0031643617087234
2024-10-08 00:00:00+00:00,130.0567764001493,133.27175410957346,129.2180905372518,132.68267822265625,285722500,0.029128005467046292,-0.0018076260383813859,5.0,2.0,2.0,1.0,0.0010336128592491,0.0010336128590423,0.0051680642962456,0.0116094729304313,0.0031643617087234,0.0113219034615173,5.0,0.4,0.4,0.0,0.0010336128590423
2024-10-09 00:00:00+00:00,133.9007832398008,134.31014727855833,131.1750464230449,132.44305419921875,246191600,-0.01654036881385967,0.01615242185853172,5.0,1.0,1.0,3.0,0.0018285088479518,0.0018285088475861,0.0091425442397593,0.0117679814994335,0.0010336128590423,0.0031643617087234,5.0,0.2,0.2,0.0,0.0018285088475861
2024-10-10 00:00:00+00:00,131.7042308718923,134.78940697514903,130.79564676847795,134.59970092773438,242311300,0.015794367578113488,-7.425631594479317e-05,5.0,1.0,3.0,1.0,-0.0018092528760432,-0.0018092528756814,-0.0090462643802164,0.0119190070033073,0.0018285088475861,0.0010336128590423,5.0,0.2,0.6,-2.0,0.0018092528756814
2024-10-11 00:00:00+00:00,133.80093033986074,135.5681732923908,133.4514855032485,134.58970642089844,170209500,0.028396774121068735,-0.024025175451817947,5.0,3.0,0.0,2.0,0.0052792212247848,0.0052792212237289,0.026396106123924,0.0110279114544391,-0.0018092528756814,0.0018285088475861,5.0,0.6,0.0,3.0,0.0052792212237289
2024-10-15 00:00:00+00:00,137.654906403531,138.3538265330219,128.5391603262797,131.3946990966797,377831000,-0.02862064710927877,0.030826910106662823,5.0,2.0,3.0,0.0,-0.0007240424394607,-0.0007240424393159,-0.0036202121973037,0.0101875910162925,0.010069412289036,0.0111131554786429,5.0,0.4,0.6,-1.0,0.0007240424393159
2024-10-16 00:00:00+00:00,133.77097927850218,136.40686011825153,131.37472950963348,135.50827026367188,264879700,0.03922642769646693,0.008875811512698098,5.0,3.0,1.0,1.0,0.0052987209796905,0.0052987209786307,0.0264936048984526,0.0115040132403373,-0.0007240424393159,0.010069412289036,5.0,0.6,0.2,2.0,0.0052987209786307
2024-10-17 00:00:00+00:00,139.12261346955344,140.6701983777905,136.65646567187503,136.71636962890625,306435900,-0.004820033236271379,0.0077838258243526455,5.0,3.0,1.0,1.0,0.0045559633791446,0.0045559633782334,0.0227798168957233,0.0117520800232887,0.0052987209786307,-0.0007240424393159,5.0,0.6,0.2,2.0,0.0045559633782334
2024-10-18 00:00:00+00:00,138.45365135367973,138.68328825202838,137.06582057977474,137.78469848632812,176090200,-0.0039017088445705314,0.04054372330264407,5.0,3.0,0.0,2.0,0.0076769872367381,0.0076769872352027,0.0383849361836908,0.0118352285027503,0.0045559633782334,0.0052987209786307,5.0,0.6,0.0,3.0,0.0076769872352027
2024-10-21 00:00:00+00:00,137.91449801128798,143.4857940673828,137.78469595874105,143.4857940673828,264554500,0.03401996510384009,-0.0008352519558426902,5.0,1.0,1.0,3.0,0.0014312741935253,0.001431274193239,0.0071563709676264,0.0092654339969158,0.0019393243368561,0.0072222527012685,5.0,0.2,0.2,0.0,0.001431274193239
2024-10-22 00:00:00+00:00,142.6870654207542,144.19470435057536,141.55882333477078,143.36599731445312,226311600,-0.006176903320600093,-0.028467502477342022,5.0,4.0,1.0,0.0,0.0070462293565273,0.007046229355118,0.0352311467826366,0.0107996045053005,0.001431274193239,0.0019393243368561,5.0,0.8,0.2,3.0,0.007046229355118
2024-10-23 00:00:00+00:00,141.80841766733155,142.20778753302577,137.24555525009052,139.34226989746094,285930000,-0.008555882164268495,0.006072022415002008,5.0,2.0,2.0,1.0,0.0025730342507362,0.0025730342502216,0.0128651712536812,0.0117251428961753,0.007046229355118,0.001431274193239,5.0,0.4,0.4,0.0,0.0025730342502216
2024-10-24 00:00:00+00:00,140.60029719391386,141.12946905874685,138.24397870268353,140.19093322753906,172354900,0.0007807886589413913,0.008015633533463734,5.0,3.0,1.0,1.0,0.0049656543135642,0.0049656543125711,0.0248282715678214,0.0115502318739891,0.0025730342502216,0.007046229355118,5.0,0.6,0.2,2.0,0.0049656543125711
2024-10-25 00:00:00+00:00,140.71011917970793,143.90513885209074,140.58033236044267,141.3191680908203,205122100,0.014581554945042426,-0.007232271493010823,5.0,2.0,2.0,1.0,0.002155796533823,0.0021557965333918,0.010778982669115,0.0109928695857524,0.0049656543125711,0.0025730342502216,5.0,0.4,0.4,0.0,0.0021557965333918
2024-10-28 00:00:00+00:00,142.77692350375753,142.91670449778834,139.83152847847435,140.30079650878906,173586700,-0.01913322572467478,0.005181255885892358,5.0,3.0,0.0,2.0,0.0060971626877784,0.006097162686559,0.0304858134388922,0.0113173101842403,0.001943040865271,0.0080420802513521,5.0,0.6,0.0,3.0,0.006097162686559
2024-10-29 00:00:00+00:00,140.07110842835752,142.03803599122583,138.68327775945374,141.0296173095703,157593600,-0.005360333746658559,-0.013614329976247806,5.0,3.0,0.0,2.0,0.0050102967202663,0.0050102967192642,0.0250514836013314,0.0102264663577079,0.006097162686559,0.001943040865271,5.0,0.6,0.0,3.0,0.0050102967192642
2024-10-30 00:00:00+00:00,139.32228929215535,140.1110653014331,136.59655278062618,139.1226043701172,179418100,-0.014000140202549858,-0.04837387750695707,3.0,1.0,0.0,2.0,0.0039305380582809,0.0039305380569707,0.0117916141748427,0.0091841918230056,0.0050102967192642,0.006097162686559,5.0,0.3333333333333333,0.0,1.0,0.0039305380569707
2024-10-31 00:00:00+00:00,137.38534807029694,137.39532698555524,131.9039070664443,132.55288696289062,270039600,-0.02130080684165315,0.019690472179563247,5.0,4.0,1.0,0.0,0.0077078278422355,0.0077078278406939,0.0385391392111777,0.0116369068622589,0.0039305380569707,0.0050102967192642,3.0,0.8,0.2,3.0,0.0077078278406939
2024-11-01 00:00:00+00:00,134.4898767241073,137.0958059615883,134.36008987253786,135.18878173828125,207127800,0.01846230074062283,0.004788885896466435,5.0,2.0,1.0,2.0,0.003255864816904,0.0032558648162528,0.0162793240845203,0.0107352994382381,0.0077078278406939,0.0039305380569707,5.0,0.4,0.2,1.0,0.0032558648162528
2024-11-04 00:00:00+00:00,136.99593186321135,138.7432015157854,135.3584911981984,135.83773803710938,187528200,0.0017476190252056576,0.027976971740576447,5.0,3.0,0.0,2.0,0.0058347597181796,0.0058347597170127,0.0291737985908983,0.0116553649306297,0.006082260369038,0.0086132908267436,5.0,0.6,0.0,3.0,0.0058347597170127
2024-11-05 00:00:00+00:00,137.23555788662173,140.151000495864,137.11574997671616,139.6917266845703,160537400,0.03930491350596637,0.0399326220946718,5.0,2.0,1.0,2.0,0.0021698101282119,0.002169810127778,0.0108490506410598,0.0053601722717285,0.0058347597170127,0.006082260369038,5.0,0.4,0.2,1.0,0.002169810127778
2024-11-06 00:00:00+00:00,142.73699820170938,146.26149040756812,141.73855813806702,145.3828582763672,242043900,0.0237092992456663,0.022208754262588816,4.0,0.0,3.0,1.0,-0.0037928956747054,-0.0037928956737572,-0.0151715826988218,0.0057557741403579,0.002169810127778,0.0058347597170127,5.0,0.0,0.75,-3.0,0.0037928956737572
2024-11-07 00:00:00+00:00,146.1616297903136,148.69766066609404,145.9419717733186,148.6477508544922,207323300,0.016127042965436374,-0.008431654418616083,5.0,4.0,0.0,1.0,0.0073072363495826,0.0073072363481211,0.0365361817479131,0.0117042741179466,-0.0037928956737572,0.002169810127778,4.0,0.8,0.0,4.0,0.0073072363481211
2024-11-08 00:00:00+00:00,148.5378942315628,149.53633403774526,146.03180056765603,147.39967346191406,175665800,-0.013466712362392518,0.004460540816022332,5.0,3.0,0.0,2.0,0.0062811651527881,0.0062811651515319,0.0314058257639407,0.0118247574567794,0.0073072363481211,-0.0037928956737572,5.0,0.6,0.0,3.0,0.0062811651515319
2024-11-12 00:00:00+00:00,146.55098572515575,149.41650294104454,145.78218284955818,148.05862426757812,198634700,0.015481336258341133,-0.013715360959691208,5.0,4.0,1.0,0.0,0.0048591360390185,0.0048591360380467,0.0242956801950929,0.0107618002593517,0.005162254094045,0.0053381293775206,5.0,0.8,0.2,3.0,0.0048591360380467
2024-11-13 00:00:00+00:00,148.83744386134128,149.09703275189045,145.6723759576151,146.04180908203125,191903300,-0.009639263337628963,0.003344209998809565,5.0,4.0,0.0,1.0,0.0088714525878429,0.0088714525860686,0.0443572629392145,0.0113246975839138,0.0048591360380467,0.005162254094045,5.0,0.8,0.0,4.0,0.0088714525860686
2024-11-14 00:00:00+00:00,147.40965302668107,148.76753177848803,145.32291747893564,146.53102111816406,194463300,-0.018940092059644042,-0.033112362418931604,5.0,3.0,1.0,1.0,0.005955023419857,0.0059550234186659,0.029775117099285,0.0117942591011524,0.0088714525860686,0.0048591360380467,5.0,0.6,0.2,2.0,0.0059550234186659
2024-11-15 00:00:00+00:00,144.6439744081883,145.0134075079149,139.86145428913719,141.75848388671875,250132900,-0.03777227482648825,-0.012973059697467133,5.0,4.0,1.0,0.0,0.0077470999151467,0.0077470999135973,0.0387354995757339,0.011615862250328,0.0059550234186659,0.0088714525860686,5.0,0.8,0.2,3.0,0.0077470999135973
2024-11-18 00:00:00+00:00,139.2823404686185,141.32914493468758,136.9360010405669,139.9313201904297,221205300,0.012962425614918645,0.04778749280724022,5.0,1.0,3.0,1.0,-0.0007839423298835,-0.0007839423297267,-0.0039197116494178,0.0113921868801116,0.0045770261073749,0.0040360316030059,3.0,0.2,0.6,-2.0,0.0007839423297267
2024-11-19 00:00:00+00:00,141.09952959154865,146.90046279249913,140.77004260660007,146.7806396484375,227834900,0.04219102153458478,-0.00764761445927633,5.0,3.0,1.0,1.0,0.0065418175995349,0.0065418175982265,0.0327090879976747,0.0116515307128429,-0.0007839423297267,0.0045770261073749,5.0,0.6,0.2,2.0,0.0065418175982265
2024-11-20 00:00:00+00:00,147.18003223590216,147.32979212988033,142.50732548898966,145.6623992919922,309871700,0.01307481858540994,0.005332321832623484,5.0,1.0,3.0,1.0,-0.0026487504959106,-0.0026487504953808,-0.0132437524795532,0.0058521566390991,0.0065418175982265,-0.0007839423297267,5.0,0.2,0.6,-2.0,0.0026487504953808
2024-11-21 00:00:00+00:00,149.11701974284432,152.65149063112756,140.4805046221909,146.44119262695312,400946600,-0.023165533186756914,-0.03271024350147696,5.0,1.0,4.0,0.0,-0.0034183969616889,-0.0034183969610053,-0.0170919848084449,0.0118357688188552,-0.0026487504953808,0.0065418175982265,5.0,0.2,0.8,-3.0,0.0034183969610053
2024-11-22 00:00:00+00:00,145.7023485163706,146.93044074143577,140.87989650374584,141.7285614013672,236406200,-0.027370585120979157,-0.042673148166646524,5.0,5.0,0.0,0.0,0.0099370754420756,0.0099370754400882,0.0496853772103783,0.011927268654108,-0.0034183969610053,-0.0026487504953808,5.0,1.0,0.0,5.0,0.0099370754400882
2024-11-25 00:00:00+00:00,141.76847182265374,141.82837577269152,135.60810012239304,135.8077850341797,344941900,-0.03067917339654574,0.006594949435241287,5.0,3.0,1.0,1.0,0.0046466914445161,0.0046466914435868,0.0232334572225807,0.0116864563524723,0.0057135175037877,0.004738452224344,5.0,0.6,0.2,2.0,0.0046466914435868
2024-11-26 00:00:00+00:00,137.4851722903331,139.08268223719327,135.45834049580736,136.70639038085938,190287700,-0.019728635788057662,-0.011606757841200743,5.0,3.0,0.0,2.0,0.0064427654147147,0.0064427654134262,0.0322138270735738,0.0114678591489791,0.0046466914435868,0.0057135175037877,5.0,0.6,0.0,3.0,0.0064427654134262
2024-11-27 00:00:00+00:00,134.7993582371888,137.00591700209634,131.59437486042492,135.12884521484375,226370900,0.013025037004060751,0.021273595997701372,5.0,5.0,0.0,0.0,0.0095261536359786,0.0095261536340734,0.0476307681798933,0.0118484655022621,0.0064427654134262,0.0046466914435868,5.0,1.0,0.0,5.0,0.0095261536340734
2024-11-29 00:00:00+00:00,136.56660913585418,139.1326070072914,135.83775227020575,138.03431701660156,141863200,0.014876373238743032,0.0027448921179664587,5.0,3.0,1.0,1.0,0.0039813730955123,0.0039813730947161,0.0199068654775618,0.0114766505360603,0.0038323234073603,0.0095261536340734,5.0,0.6,0.2,2.0,0.0039813730947161
2024-12-02 00:00:00+00:00,138.6134117376161,140.23087948399635,137.60499293345052,138.41372680664062,171682800,-0.004114065051506609,0.011689435570376834,5.0,2.0,1.0,2.0,0.0030635029256343,0.0030635029250216,0.0153175146281719,0.0105044364929199,0.0031613607281084,0.0116700840683045,5.0,0.4,0.2,1.0,0.0030635029250216
2024-12-03 00:00:00+00:00,138.04431859051348,140.3207607312636,137.73480460641824,140.04119873046875,164414000,0.026691009997580468,0.034200868882875546,5.0,2.0,1.0,2.0,0.005084993726015,0.005084993724998,0.0254249686300754,0.0117640559375286,0.0030635029250216,0.0031613607281084,5.0,0.4,0.2,1.0,0.005084993724998
2024-12-04 00:00:00+00:00,141.77847337465352,145.56255409442886,140.07113435104438,144.91357421875,231224300,0.021733902267499824,-0.00048247638015550925,5.0,0.0,1.0,4.0,-0.0001105571269988,-0.0001105571269767,-0.0005527856349944,0.0053409755229949,0.005084993724998,0.0030635029250216,5.0,0.0,0.2,-1.0,0.0001105571269767
2024-12-05 00:00:00+00:00,144.89360218968224,146.32146235801875,143.73532840807314,144.8436737060547,172621200,-0.0035206266375016884,-0.01822645641816173,5.0,3.0,1.0,1.0,0.0047625079870223,0.0047625079860698,0.0238125399351118,0.0109081172943115,-0.0001105571269767,0.005084993724998,5.0,0.6,0.2,2.0,0.0047625079860698
2024-12-06 00:00:00+00:00,144.38438282581114,145.482733396531,141.09928024490165,142.22760009765625,188505600,-0.039713452595912524,-0.025814993494586966,5.0,4.0,0.0,1.0,0.0062441875994204,0.0062441875981716,0.0312209379971023,0.0115385150909423,0.0047625079860698,-0.0001105571269767,5.0,0.8,0.0,4.0,0.0062441875981716
2024-12-09 00:00:00+00:00,138.76274660606958,139.74128080496888,136.92549436926976,138.6029815673828,189308600,0.00028779436342409314,-0.027312805027706426,5.0,3.0,2.0,0.0,0.004332265394926,0.0043322653940596,0.0216613269746304,0.0115379701554775,0.0064424068616856,0.0022834684546195,5.0,0.6,0.4,1.0,0.0043322653940596
2024-12-10 00:00:00+00:00,138.80268748950093,141.60850970621567,133.5904709096604,134.8685760498047,210020900,-0.011940678987758824,0.030908364847371386,5.0,1.0,3.0,1.0,-0.0035844616353511,-0.0035844616346342,-0.0179223081767559,0.010175035148859,0.0043322653940596,0.0064424068616856,5.0,0.2,0.6,-2.0,0.0035844616346342
2024-12-11 00:00:00+00:00,137.15514511831444,139.9609519122756,135.00835767243856,139.10223388671875,184905200,-0.002040348847811151,-0.014241909844281612,5.0,4.0,1.0,0.0,0.0072743938982486,0.0072743938967937,0.0363719694912432,0.011713963150978,-0.0035844616346342,0.0043322653940596,5.0,0.8,0.2,3.0,0.0072743938967937
2024-12-12 00:00:00+00:00,136.8755860719742,138.2335586289744,135.59749604609573,137.13519287109375,159211400,0.013477494750041208,-0.02275584086138682,5.0,2.0,0.0,3.0,0.0063474420666694,0.0063474420653999,0.0317372103333471,0.011816084831953,0.0072743938967937,-0.0035844616346342,5.0,0.4,0.0,2.0,0.0063474420653999
2024-12-13 00:00:00+00:00,138.73281333743972,139.3918327936691,132.34234795745746,134.0498046875,231514900,-0.03486029389060784,-0.016902029406532425,5.0,1.0,2.0,2.0,0.0010726014256477,0.0010726014254332,0.0053630071282386,0.0102762678265571,0.0063474420653999,0.0072743938967937,5.0,0.2,0.4,-1.0,0.0010726014254332
2024-12-16 00:00:00+00:00,133.9798724705664,134.19954557462145,130.2254857362255,131.80313110351562,237951100,-0.038672128821872924,-0.01227177625408211,3.0,3.0,0.0,0.0,0.0049603732824324,0.004960373280779,0.0148811198472974,0.0051194983720779,0.003502464973226,0.0079505617006612,5.0,1.0,0.0,3.0,0.004960373280779
2024-12-17 00:00:00+00:00,128.89749220508244,131.39376410572794,126.67082193579633,130.195556640625,259410300,0.03628459923542592,-0.011415515737865657,5.0,3.0,2.0,0.0,0.0030352584660053,0.0030352584653982,0.0151762923300265,0.011580406576395,0.004960373280779,0.003502464973226,3.0,0.6,0.4,1.0,0.0030352584653982
2024-12-18 00:00:00+00:00,133.6603731199009,136.49613412730267,128.08869283192976,128.71775817871094,277444500,-0.015812556207058296,0.013636897668975469,5.0,2.0,1.0,2.0,0.0037259300410747,0.0037259300403295,0.0186296502053737,0.0083652743697166,0.0030352584653982,0.004960373280779,5.0,0.4,0.2,1.0,0.0037259300403295
2024-12-19 00:00:00+00:00,131.56348324328064,133.8301019554315,129.35678784338916,130.48509216308594,209719200,-0.014910228521906039,0.03029852163389615,4.0,2.0,1.0,1.0,0.0051637436226009,0.00516374362131,0.0206549744904038,0.0117943611741065,0.0037259300403295,0.0030352584653982,5.0,0.5,0.25,1.0,0.00516374362131
2024-12-20 00:00:00+00:00,129.61639349168385,135.0782365234782,128.02876854092193,134.4990997314453,306528600,0.04863984546250341,0.03623250917187923,5.0,3.0,2.0,0.0,0.0025547825396061,0.0025547825390951,0.0127739126980305,0.0119619838893413,0.00516374362131,0.0037259300403295,4.0,0.6,0.4,1.0,0.0025547825390951
2024-12-23 00:00:00+00:00,136.0767567466981,139.58151660116854,134.91848306333998,139.46170043945312,176053500,0.026930921158070775,0.0039302246608490955,5.0,4.0,1.0,0.0,0.0067879270553588,0.0067879270540012,0.0339396352767943,0.0103287778794765,0.0048150822510625,0.0103379937091654,5.0,0.8,0.2,3.0,0.0067879270540012
2024-12-24 00:00:00+00:00,139.79122163679293,141.6883821217358,138.44322876231024,140.01089477539062,105157000,-0.0021452156668944522,-0.0020704187342730253,5.0,2.0,0.0,3.0,0.0046729638040065,0.0046729638030719,0.0233648190200327,0.0113789847493171,0.0067879270540012,0.0048150822510625,5.0,0.4,0.0,2.0,0.0046729638030719
2024-12-26 00:00:00+00:00,139.49166074428362,140.63995487774488,137.52459740894255,139.7213134765625,116205600,-0.008265882466940891,-0.021088300838240332,5.0,3.0,0.0,2.0,0.0060746306478976,0.0060746306466827,0.0303731532394884,0.0105587744712829,0.0079874896569965,0.0046729638030719,5.0,0.6,0.0,3.0,0.0060746306466827
2024-12-27 00:00:00+00:00,138.3433913393573,138.81269167406333,134.50912136885398,136.80567932128906,170582600,-0.02721678623687603,0.003497119242535584,5.0,1.0,1.0,3.0,0.0022697083950042,0.0022697083945502,0.0113485419750212,0.0113088470697402,0.0060746306466827,0.0079874896569965,5.0,0.2,0.2,0.0,0.0022697083945502
2024-12-30 00:00:00+00:00,134.628906293037,140.060795108374,133.82011682531788,137.28494262695312,167734700,0.0234565566956533,-0.02354938461416516,3.0,1.0,0.0,2.0,0.0031690747539202,0.0031690747528638,0.0095072242617607,0.0095072242617607,0.0024845176512994,0.0085501659376209,5.0,0.3333333333333333,0.0,1.0,0.0031690747528638
2024-12-31 00:00:00+00:00,137.82416524884428,137.8641141320975,133.63043143330796,134.08973693847656,155659200,-0.014816283085257285,0.02949580955754961,4.0,3.0,0.0,1.0,0.0095557492524385,0.0095557492500495,0.038222997009754,0.0119313102960586,0.0031690747528638,0.0024845176512994,3.0,0.75,0.0,3.0,0.0095557492500495
2025-01-02 00:00:00+00:00,135.79717669922962,138.6728864930968,134.42922472124587,138.10372924804688,198247200,0.029059035792598033,0.04357446913879789,5.0,3.0,1.0,1.0,0.0051625922620296,0.0051625922609971,0.0258129613101482,0.0120353534817695,0.0055872752489525,0.0095557492500495,2.0,0.6,0.2,2.0,0.0051625922609971
2025-01-03 00:00:00+00:00,139.80120658589456,144.6839138332244,139.5216253508109,144.2545623779297,229322500,0.059477076713018585,0.03375620023434897,5.0,1.0,1.0,3.0,0.0017931157410144,0.0017931157406558,0.0089655787050724,0.0106034953892231,0.0051625922609971,0.0055872752489525,5.0,0.2,0.2,0.0,0.0017931157406558
2025-01-06 00:00:00+00:00,148.3684248105369,151.93310868099036,147.5995839740372,149.20716857910156,265377400,0.029442849945717185,-0.0641864002096485,5.0,4.0,1.0,0.0,0.0072554430365562,0.0072554430351051,0.0362772151827812,0.0118601068854331,0.0037322189502404,0.0066819975284917,5.0,0.8,0.2,3.0,0.0072554430351051
2025-01-07 00:00:00+00:00,152.80175881286766,152.90161576007478,139.80117351290727,139.9309844970703,351782200,-0.07073048856626929,-0.0002138603197090766,5.0,2.0,0.0,3.0,0.0056234287381171,0.0056234287369924,0.0281171436905858,0.0103839208185672,0.0072554430351051,0.0037322189502404,5.0,0.4,0.0,2.0,0.0056234287369924
2025-01-08 00:00:00+00:00,142.36737985085435,143.73533196712347,137.3548616440079,139.90106201171875,227349900,-0.03664300621458394,-0.030434843918392848,5.0,3.0,1.0,1.0,0.0048108158767223,0.0048108158757601,0.0240540793836116,0.0108666807413101,0.0056234287369924,0.0072554430351051,5.0,0.6,0.2,2.0,0.0048108158757601
2025-01-10 00:00:00+00:00,137.24503329388114,139.71135128077043,134.01985409411643,135.70733642578125,207602500,-0.05580272983479384,-0.019916107113052483,5.0,5.0,0.0,0.0,0.0112021055817603,0.0112021055795199,0.0560105279088017,0.0118606120347976,0.0029587665790362,0.0048108158757601,5.0,1.0,0.0,5.0,0.0112021055795199
2025-01-13 00:00:00+00:00,129.79615256902926,133.29093305056014,129.31685741876072,133.03131103515625,204808900,0.045564843508185675,-0.011094959199039352,5.0,4.0,0.0,1.0,0.0088399788737296,0.0088399788719616,0.0441998943686484,0.0119364395737648,0.0020490382846071,0.0068439285383841,5.0,0.8,0.0,4.0,0.0088399788719616
2025-01-14 00:00:00+00:00,135.84710238324766,136.1766120600162,129.85605059334506,131.56349182128906,195590500,-0.01779788113427712,0.033436242104593956,5.0,3.0,2.0,0.0,0.0030391523718834,0.0030391523712755,0.0151957618594171,0.0114936763048172,0.0088399788719616,0.0020490382846071,5.0,0.6,0.4,1.0,0.0030391523712755
2025-01-15 00:00:00+00:00,133.45070049814615,136.24652830000477,131.0942190240699,136.03684997558594,185217300,0.036655909499232475,-0.01979267143954616,5.0,2.0,3.0,0.0,-0.0016157766401767,-0.0016157766398536,-0.0080788832008839,0.0103731755912303,0.0030391523712755,0.0088399788719616,5.0,0.4,0.6,-1.0,0.0016157766398536
2025-01-16 00:00:00+00:00,138.4332187812491,138.54305532644463,133.2909060653465,133.37078857421875,209235600,-0.014164849613281528,0.03052451903556457,5.0,3.0,0.0,2.0,0.0075111146867274,0.0075111146852252,0.0375555734336374,0.0118869006633758,-0.0016157766398536,0.0030391523712755,5.0,0.6,0.0,3.0,0.0075111146852252
2025-01-17 00:00:00+00:00,136.4861555399997,138.29345383465838,135.25799411499426,137.504638671875,201188800,0.017908763058663835,0.022403421203704088,5.0,2.0,0.0,3.0,0.0054370664119719,0.0054370664108845,0.0271853320598599,0.0115120965242385,0.0075111146852252,-0.0016157766398536,5.0,0.4,0.0,2.0,0.0054370664108845
2025-01-21 00:00:00+00:00,138.95247218370304,141.6184885428412,136.88555189361048,140.61997985839844,197749000,0.03876190012438827,0.04335530148881275,5.0,2.0,1.0,2.0,0.0022305455505847,0.0022305455501386,0.0111527277529239,0.0110725773870944,0.006473418401377,0.002915737634314,5.0,0.4,0.2,1.0,0.0022305455501386
2025-01-22 00:00:00+00:00,144.4442829463215,147.56960504936464,143.45575377479585,146.85069274902344,237651400,0.0026923094481263385,0.0010193257869135451,5.0,3.0,2.0,0.0,0.0025770761370658,0.0025770761365504,0.0128853806853293,0.0112584373354911,0.0022305455501386,0.006473418401377,5.0,0.6,0.4,1.0,0.0025770761365504
2025-01-23 00:00:00+00:00,144.83369562852502,147.0104373660888,143.50567717742842,147.00045776367188,155915500,0.022630528959522576,-0.031744419045330464,5.0,3.0,2.0,0.0,0.0022744390189647,0.0022744390185098,0.0113721950948239,0.0112830603122711,0.0025770761365504,0.0022305455501386,5.0,0.6,0.4,1.0,0.0022744390185098
2025-01-24 00:00:00+00:00,148.14872775799392,148.74783905952535,141.66841618539428,142.4073028564453,234657600,-0.17299666551902707,-0.1859461295769258,5.0,2.0,1.0,2.0,0.0037371764242648,0.0037371764235174,0.0186858821213244,0.0109725566208362,0.0022744390185098,0.0025770761365504,5.0,0.4,0.2,1.0,0.0037371764235174
2025-01-27 00:00:00+00:00,124.6138830305536,128.20850504229963,116.52595684106743,118.24339294433594,818830900,-0.024250037308671982,0.08549732233247516,5.0,4.0,0.0,1.0,0.0081110944092273,0.0081110944076051,0.0405554720461367,0.0117581307888031,0.0057826458919403,0.0098021978656714,5.0,0.8,0.0,4.0,0.0081110944076051
2025-01-28 00:00:00+00:00,121.62833781559046,128.8076175411123,116.0766320864675,128.79763793945312,579666400,0.03777999487068169,-0.041875549462974046,5.0,5.0,0.0,0.0,0.0100624426901339,0.0100624426881214,0.0503122134506699,0.0116572391986846,0.0081110944076051,0.0057826458919403,5.0,1.0,0.0,5.0,0.0100624426881214
2025-01-29 00:00:00+00:00,126.31136108771855,126.70077890376498,119.87098248262683,123.51553344726562,467120600,-0.02724530669298502,0.007650548162693007,5.0,3.0,1.0,1.0,0.0032020749092101,0.0032020749085697,0.0160103745460508,0.0098969638347625,0.0100624426881214,0.0081110944076051,5.0,0.6,0.2,2.0,0.0032020749085697
2025-01-30 00:00:00+00:00,122.91642732609624,124.81359550131977,117.92388350604345,124.46411895751953,392925500,0.0055086890443216685,-0.03743499531994722,5.0,3.0,1.0,1.0,0.0061324530005454,0.0061324529993189,0.0306622650027273,0.0117600771784782,0.0032020749085697,0.0100624426881214,5.0,0.6,0.2,2.0,0.0061324529993189
2025-01-31 00:00:00+00:00,123.59540412169352,127.6593341751579,119.01225290264883,119.89093780517578,388161100,-0.07574990800734258,-0.028811121282842432,5.0,1.0,2.0,2.0,0.0005916742444038,0.0005916742442855,0.0029583712220192,0.0092935100197792,0.0061324529993189,0.0032020749085697,5.0,0.2,0.4,-1.0,0.0005916742442855
2025-02-03 00:00:00+00:00,114.57887527254843,118.39317826666118,112.84147223806173,116.48603057861328,371235700,0.019076073278650116,0.016914177070847556,5.0,3.0,2.0,0.0,0.0028298403322696,0.0028298403317036,0.0141492016613483,0.0113201488554477,0.0029952922517031,0.006280544565852,5.0,0.6,0.4,1.0,0.0028298403317036
2025-02-04 00:00:00+00:00,116.78557092036435,121.01924546805154,116.52595653802958,118.47305297851562,256550000,0.04021992531313056,0.05077483241816475,5.0,4.0,1.0,0.0,0.0051310455858707,0.0051310455848445,0.0256552279293537,0.0115741856396198,0.0028298403317036,0.0029952922517031,5.0,0.8,0.2,3.0,0.0051310455848445
2025-02-05 00:00:00+00:00,121.57841571528579,124.81358161777388,120.5799070623436,124.64383697509766,262230800,0.045436765275968675,0.030375793737228124,5.0,4.0,0.0,1.0,0.0086335157752036,0.0086335157734769,0.0431675788760183,0.0114485839009284,0.0051310455848445,0.0028298403317036,5.0,0.8,0.0,4.0,0.0086335157734769
2025-02-06 00:00:00+00:00,127.22996749994309,128.57796024161053,125.02326434711814,128.4880828857422,251483600,0.014027611947618533,0.008974176237814413,5.0,3.0,2.0,0.0,0.0039443138599395,0.0039443138591506,0.0197215692996978,0.0111276452243328,0.0086335157734769,0.0051310455848445,5.0,0.6,0.4,1.0,0.0039443138591506
2025-02-07 00:00:00+00:00,129.02727661770408,130.17555536084487,124.81356929927793,129.64634704589844,228186300,0.0067100552781897424,0.028322797213801664,5.0,3.0,1.0,1.0,0.0050175705015659,0.0050175705005623,0.0250878525078295,0.0112127785384655,0.0039443138591506,0.0086335157734769,5.0,0.6,0.2,2.0,0.0050175705005623
2025-02-10 00:00:00+00:00,129.8959680004134,134.7986484257299,129.7661722550228,133.37078857421875,216989100,0.01895995978631917,-0.005781280175869301,5.0,2.0,2.0,1.0,0.0011725748598575,0.001172574859623,0.0058628742992877,0.0089768819510936,-0.0019998487885766,0.0020688414241706,5.0,0.4,0.4,0.0,0.001172574859623
2025-02-11 00:00:00+00:00,132.38228609427233,134.27944654160947,130.82461495038982,132.60195922851562,178902400,-0.01949796070468418,-0.012578837558009743,5.0,1.0,2.0,2.0,9.142305254937998e-05,9.142305253109534e-05,0.0004571152627468,0.0103935520350933,0.001172574859623,-0.0019998487885766,5.0,0.2,0.4,-1.0,9.142305253109534e-05
2025-02-12 00:00:00+00:00,129.8261026458349,132.04279313100764,128.88750205027108,130.94442749023438,160278600,0.01177464002126006,0.03115507770236104,5.0,1.0,2.0,2.0,-0.0002913954138755,-0.0002913954138173,-0.0014569770693778,0.0057302341461181,9.142305253109534e-05,0.001172574859623,5.0,0.2,0.4,-1.0,0.0002913954138173
2025-02-13 00:00:00+00:00,131.36379338160384,136.29642846871295,130.97437562399168,135.08822631835938,197430000,0.03671515414613122,0.025973789191832585,5.0,3.0,2.0,0.0,0.0015588099062442,0.0015588099059325,0.0077940495312213,0.011697721928358,-0.0002913954138173,9.142305253109534e-05,5.0,0.6,0.4,1.0,0.0015588099059325
2025-02-14 00:00:00+00:00,136.2764682668825,139.04234173663804,135.29793396994222,138.6429443359375,195479600,0.0344950130617399,0.003953279165448022,5.0,1.0,2.0,2.0,0.0006809023499488,0.0006809023498126,0.0034045117497444,0.0116976359486579,0.0015588099059325,-0.0002913954138173,5.0,0.2,0.4,-1.0,0.0006809023498126
2025-02-18 00:00:00+00:00,141.05934526698334,143.2261075780513,137.72431422880837,139.19212341308594,219176600,-0.01253680656895947,-0.0012203106148718202,5.0,3.0,2.0,0.0,0.0042672478914261,0.0042672478905726,0.0213362394571304,0.011812155097723,0.0066263007716992,0.0056179224599092,5.0,0.6,0.4,1.0,0.0042672478905726
2025-02-19 00:00:00+00:00,139.30195061666387,141.14919790373787,137.01537227663152,139.02236938476562,167536000,0.0037204330949427355,0.006300621854545979,5.0,1.0,1.0,3.0,0.0009767023026943,0.0009767023024989,0.0048835115134715,0.0099941889941692,0.0042672478905726,0.0066263007716992,5.0,0.2,0.2,0.0,0.0009767023024989
2025-02-20 00:00:00+00:00,139.8211794831435,140.45024487315197,136.5860056380014,139.90106201171875,143903600,7.124540473702977e-05,-0.041384395845709986,5.0,3.0,0.0,2.0,0.0073972193658351,0.0073972193643556,0.0369860968291757,0.0113786266744136,0.0009767023024989,0.0042672478905726,5.0,0.6,0.0,3.0,0.0073972193643556
2025-02-21 00:00:00+00:00,139.83114145453473,141.2490371129211,133.83011008980694,134.22950744628906,228217600,-0.025163942330878066,-0.03135754673965033,5.0,2.0,1.0,2.0,0.003236176764965,0.0032361767643178,0.0161808838248253,0.0118268996477127,0.0073972193643556,0.0009767023024989,5.0,0.4,0.2,1.0,0.0032361767643178
